trade_id,entry_time_kst,symbol,entry_price,SAFE_block,baseline_result,baseline_result_time_kst,mfe_pct,tp18_hit,gross_tp18_v271_pctp
P25SET-SPXUSDT-1986933,2026-09-01 14:30:24,SPXUSDT,0.5859,1,BE_EXIT,2026-09-01 15:10:54,1.655,0,0.13417
P25SET-NOTUSDT-1986933,2026-09-01 14:35:24,NOTUSDT,0.0005054,1,BE_EXIT,2026-09-01 15:04:24,2.098,1,1.8
P25SET-UNIUSDT-1986935,2026-09-01 14:55:26,UNIUSDT,5.591,0,TP2,2026-09-01 15:28:24,3.431,1,1.8
P25SET-AKEUSDT-1986936,2026-09-01 15:15:24,AKEUSDT,0.008912,1,STOP,2026-09-01 18:00:28,0.322,0,-4.275135
P25SET-1000BONKUSDT-1986937,2026-09-01 15:30:25,1000BONKUSDT,0.003222,1,BE_EXIT,2026-09-01 17:06:56,2.555,1,1.8
P25SET-ENSUSDT-1986937,2026-09-01 15:30:25,ENSUSDT,6.153,0,BE_EXIT,2026-09-01 16:06:55,1.821,1,1.8
P25SET-UNIUSDT-1986939,2026-09-01 16:05:25,UNIUSDT,5.768,1,TIME_EXIT,2026-09-01 19:05:34,0.865,0,-1.785714
P25SET-SUSHIUSDT-1986941,2026-09-01 16:25:26,SUSHIUSDT,0.204,0,STOP,2026-09-01 16:45:27,0.049,0,-1.666667
P25SET-AKEUSDT-1986942,2026-09-01 16:45:28,AKEUSDT,0.008959,0,STOP,2026-09-01 18:00:28,0.322,0,-4.777319
P25SET-AKEUSDT-1986953,2026-09-01 19:30:29,AKEUSDT,0.008923,0,STOP,2026-09-01 20:10:06,0.457,0,-2.006052
P25SET-ARBUSDT-1986955,2026-09-01 19:55:30,ARBUSDT,0.11254,0,BE_EXIT,2026-09-01 20:57:38,2.993,1,1.8
P25SET-PYTHUSDT-1986956,2026-09-01 20:15:31,PYTHUSDT,0.05075,0,FLAT_EXIT_75M,2026-09-01 21:30:10,0.0,0,-0.394089
P25SET-SOXSUSDT-1986957,2026-09-01 20:25:32,SOXSUSDT,51.43,0,TP2,2026-09-01 22:38:44,3.09,1,1.8
P25SET-USELESSUSDT-1986958,2026-09-01 20:40:31,USELESSUSDT,0.10275,0,BE_EXIT,2026-09-01 22:36:44,1.565,0,0.246131
P25SET-APTUSDT-1986960,2026-09-01 21:15:33,APTUSDT,0.5518,0,STOP,2026-09-01 21:40:10,0.507,0,-1.540413
P25SET-SOXSUSDT-1986967,2026-09-01 23:00:37,SOXSUSDT,53.23,0,STOP,2026-09-02 00:45:19,0.809,0,-3.738493
P25SET-TIAUSDT-1986968,2026-09-01 23:10:37,TIAUSDT,0.3579,1,STOP,2026-09-01 23:30:17,0.0,0,-1.732327
P25SET-OPUSDT-1986969,2026-09-01 23:20:36,OPUSDT,0.10014,0,BE_EXIT,2026-09-02 00:00:47,1.873,1,1.8
P25SET-UAIUSDT-1986969,2026-09-01 23:25:37,UAIUSDT,0.4384,0,TP2,2026-09-01 23:56:47,3.198,1,1.8
P25SET-SNXXUSDT-1986971,2026-09-01 23:50:41,SNXXUSDT,14.19,0,TP2,2026-09-02 00:41:19,3.167,1,1.8
P25SET-AGIUSDT-1986971,2026-09-02 00:01:41,AGIUSDT,0.006225,0,STOP,2026-09-02 00:05:18,0.0,0,-1.911647
P25SET-SNXXUSDT-1986974,2026-09-02 00:40:40,SNXXUSDT,14.55,1,TP2,2026-09-02 00:46:49,3.448,1,1.8
P25SET-LITUSDT-1986975,2026-09-02 01:00:41,LITUSDT,3.874,0,STOP,2026-09-02 01:15:20,0.518,0,-3.742901
P25SET-CHIPUSDT-1986977,2026-09-02 01:25:40,CHIPUSDT,0.04358,0,STOP,2026-09-02 01:35:22,0.0,0,-2.11106
P25SET-FFUSDT-1986980,2026-09-02 02:15:41,FFUSDT,0.10098,0,STOP,2026-09-02 05:00:24,0.6,0,-2.51535
P25SET-UAIUSDT-1986987,2026-09-02 03:50:42,UAIUSDT,0.4744,0,TP2,2026-09-02 04:53:23,3.842,1,1.8
P25SET-CHIPUSDT-1986990,2026-09-02 04:45:43,CHIPUSDT,0.04419,0,TP2,2026-09-02 05:20:54,3.138,1,1.8
P25SET-GALAUSDT-1986991,2026-09-02 05:10:44,GALAUSDT,0.001794,1,STOP,2026-09-02 05:55:24,0.782,0,-1.22631
P25SET-UAIUSDT-1986993,2026-09-02 05:20:43,UAIUSDT,0.5011,0,TP2,2026-09-02 05:39:24,3.778,1,1.8
P25SET-ACEUSDT-1986999,2026-09-02 07:00:43,ACEUSDT,0.20893,0,BE_EXIT,2026-09-02 07:13:55,1.909,1,1.8
P25SET-ACEUSDT-1987002,2026-09-02 07:55:45,ACEUSDT,0.21353,0,BE_EXIT,2026-09-02 09:00:27,1.879,1,1.8
P25SET-ACEUSDT-1987005,2026-09-02 08:45:45,ACEUSDT,0.21563,0,BE_EXIT,2026-09-02 09:00:27,1.879,1,1.8
P25SET-FFUSDT-1987008,2026-09-02 09:15:46,FFUSDT,0.09828,1,TIME_EXIT,2026-09-02 12:16:04,2.582,1,1.8
P25SET-UAIUSDT-1987009,2026-09-02 09:20:45,UAIUSDT,0.5686,0,BE_EXIT,2026-09-02 11:25:59,2.868,1,1.8
P25SET-CLOUSDT-1987012,2026-09-02 10:15:48,CLOUSDT,0.14422,0,TP2,2026-09-02 10:45:30,3.275,1,1.8
P25SET-FFUSDT-1987017,2026-09-02 11:35:48,FFUSDT,0.09897,1,BE_EXIT,2026-09-02 12:58:34,2.321,1,1.8
P25SET-FFUSDT-1987020,2026-09-02 12:15:50,FFUSDT,0.10055,0,STOP,2026-09-02 13:00:05,0.795,0,-1.81999
P25SET-EGLDUSDT-1987021,2026-09-02 12:25:51,EGLDUSDT,4.129,0,TP2,2026-09-02 14:09:37,3.024,1,1.8
P25SET-APTUSDT-1987021,2026-09-02 12:30:51,APTUSDT,0.5575,0,TIME_EXIT,2026-09-02 15:31:13,0.537,0,-0.44843
P25SET-PYTHUSDT-1987025,2026-09-02 13:20:51,PYTHUSDT,0.05511,0,BE_EXIT,2026-09-02 14:07:07,1.91,1,1.8
P25SET-UNIUSDT-1987025,2026-09-02 13:25:51,UNIUSDT,6.167,0,TP2,2026-09-02 14:18:07,3.018,1,1.8
P25SET-UNIUSDT-1987028,2026-09-02 14:10:54,UNIUSDT,6.278,0,BE_EXIT,2026-09-02 14:32:37,1.646,0,-0.202947
P25SET-ARUSDT-1987028,2026-09-02 14:10:55,ARUSDT,2.338,0,STOP,2026-09-02 15:30:14,0.557,0,-2.737382
P25SET-EGLDUSDT-1987029,2026-09-02 14:25:54,EGLDUSDT,4.283,0,STOP,2026-09-02 14:55:08,0.21,0,-2.35816
P25SET-KITEUSDT-1987030,2026-09-02 14:40:55,KITEUSDT,0.1321,0,TP2,2026-09-02 15:45:15,3.085,1,1.8
P25SET-CHIPUSDT-1987032,2026-09-02 15:10:11,CHIPUSDT,0.04538,0,STOP,2026-09-02 15:15:17,0.0,0,-4.098722
P25SET-KITEUSDT-1987033,2026-09-02 15:25:11,KITEUSDT,0.13421,0,BE_EXIT,2026-09-02 16:13:16,1.579,0,0.122375
P25SET-MINAUSDT-1987034,2026-09-02 15:50:13,MINAUSDT,0.07223,0,STOP,2026-09-02 18:00:13,0.999,0,-1.564447
P25SET-CLOUSDT-1987035,2026-09-02 15:55:11,CLOUSDT,0.17257,1,STOP,2026-09-02 16:10:17,0.0,0,-2.555485
P25SET-USELESSUSDT-1987035,2026-09-02 16:10:12,USELESSUSDT,0.11423,0,TP2,2026-09-02 16:32:17,3.48,1,1.8
P25SET-UNIUSDT-1987036,2026-09-02 16:15:12,UNIUSDT,6.346,0,STOP,2026-09-02 18:00:13,0.158,0,-2.458241
P25SET-FFUSDT-1987037,2026-09-02 16:40:14,FFUSDT,0.10728,1,STOP,2026-09-02 17:00:18,1.37,0,-4.287845
P25SET-SYRUPUSDT-1987038,2026-09-02 16:45:14,SYRUPUSDT,0.20754,0,STOP,2026-09-02 18:45:15,0.468,0,-2.751277
P25SET-CLOUSDT-1987041,2026-09-02 17:20:15,CLOUSDT,0.17338,1,STOP,2026-09-02 17:35:19,0.648,0,-1.147768
P25SET-ARBUSDT-1987041,2026-09-02 17:40:15,ARBUSDT,0.11811,0,STOP,2026-09-02 18:25:13,0.0,0,-1.625603
P25SET-FFUSDT-1987047,2026-09-02 19:00:44,FFUSDT,0.10788,0,STOP,2026-09-02 19:40:17,0.0,0,-1.955877
P25SET-FFUSDT-1987053,2026-09-02 20:20:46,FFUSDT,0.11196,0,STOP,2026-09-02 20:45:24,0.224,0,-2.661665
P25SET-GPSUSDT-1987053,2026-09-02 20:25:47,GPSUSDT,0.01015,0,FLAT_EXIT_75M,2026-09-02 21:30:26,0.03,0,-0.394089
P25SET-FFUSDT-1987056,2026-09-02 21:05:52,FFUSDT,0.11059,1,STOP,2026-09-02 23:45:02,0.754,0,-2.577087
P25SET-SOPHUSDT-1987056,2026-09-02 21:05:53,SOPHUSDT,0.004437,0,TP2,2026-09-02 21:33:56,3.153,1,1.8
P25SET-UAIUSDT-1987056,2026-09-02 21:20:53,UAIUSDT,0.5436,0,BE_EXIT,2026-09-02 21:45:57,1.525,0,0.2289
P25SET-FFUSDT-1987059,2026-09-02 22:00:54,FFUSDT,0.11153,0,STOP,2026-09-02 22:20:28,0.0,0,-1.506321
P25SET-SYRUPUSDT-1987060,2026-09-02 22:10:55,SYRUPUSDT,0.21381,0,TP2,2026-09-02 22:58:58,3.204,1,1.8
P25SET-EGLDUSDT-1987062,2026-09-02 22:45:55,EGLDUSDT,4.369,0,TP2,2026-09-02 23:54:02,3.183,1,1.8
P25SET-SYRUPUSDT-1987063,2026-09-02 22:55:54,SYRUPUSDT,0.21813,1,BE_EXIT,2026-09-02 23:25:59,2.065,1,1.8
P25SET-PYTHUSDT-1987064,2026-09-02 23:15:56,PYTHUSDT,0.0562,0,TP2,2026-09-03 00:47:35,3.058,1,1.8
P25SET-ARBUSDT-1987066,2026-09-02 23:45:58,ARBUSDT,0.11711,1,BE_EXIT,2026-09-03 00:09:05,1.871,1,1.8
P25SET-HUSDT-1987068,2026-09-03 00:05:59,HUSDT,0.07774,1,BE_EXIT,2026-09-03 01:06:35,2.058,1,1.8
P25SET-USELESSUSDT-1987070,2026-09-03 00:40:58,USELESSUSDT,0.11709,1,TP2,2026-09-03 01:02:05,5.103,1,1.8
P25SET-EGLDUSDT-1987070,2026-09-03 00:45:59,EGLDUSDT,4.466,0,TP2,2026-09-03 01:13:35,3.175,1,1.8
P25SET-PYTHUSDT-1987072,2026-09-03 01:15:59,PYTHUSDT,0.05895,0,TIME_EXIT,2026-09-03 04:16:08,0.0,0,-2.120441
P25SET-SEIUSDT-1987072,2026-09-03 01:20:00,SEIUSDT,0.04788,0,TP2,2026-09-03 04:06:38,3.175,1,1.8
P25SET-EGLDUSDT-1987074,2026-09-03 01:40:00,EGLDUSDT,4.657,0,BE_EXIT,2026-09-03 02:47:07,2.742,1,1.8
P25SET-KITEUSDT-1987074,2026-09-03 01:50:00,KITEUSDT,0.14038,0,TP2,2026-09-03 02:48:37,3.295,1,1.8
P25SET-BTWUSDT-1987079,2026-09-03 03:00:01,BTWUSDT,0.47175,0,TP2,2026-09-03 03:22:07,3.683,1,1.8
P25SET-USELESSUSDT-1987080,2026-09-03 03:20:01,USELESSUSDT,0.12429,1,BE_EXIT,2026-09-03 03:46:38,2.393,1,1.8
P25SET-DELLUSDT-1987081,2026-09-03 03:25:01,DELLUSDT,476.38,0,TP2,2026-09-03 04:31:38,3.13,1,1.8
P25SET-DELLUSDT-1987084,2026-09-03 04:10:02,DELLUSDT,485.67,0,BE_EXIT,2026-09-03 05:16:38,2.363,1,1.8
P25SET-SEIUSDT-1987084,2026-09-03 04:10:02,SEIUSDT,0.0494,0,STOP,2026-09-03 07:00:10,1.438,0,-1.639676
P25SET-XMRUSDT-1987086,2026-09-03 04:35:03,XMRUSDT,535.27,0,STOP,2026-09-03 04:50:09,1.436,0,-3.994246
P25SET-BTWUSDT-1987088,2026-09-03 05:20:04,BTWUSDT,0.51822,1,BE_EXIT,2026-09-03 05:23:08,2.375,1,1.8
P25SET-HUSDT-1987095,2026-09-03 07:00:06,HUSDT,0.07907,1,STOP,2026-09-03 07:35:10,0.291,0,-2.71911
P25SET-USELESSUSDT-1987101,2026-09-03 08:30:08,USELESSUSDT,0.12571,1,STOP,2026-09-03 08:45:13,0.064,0,-3.563758
P25SET-ARCUSDT-1987104,2026-09-03 09:10:08,ARCUSDT,0.07362,0,BE_EXIT,2026-09-03 09:37:43,2.119,1,1.8
P25SET-HUSDT-1987105,2026-09-03 09:30:09,HUSDT,0.07869,1,STOP,2026-09-03 09:45:14,0.013,0,-1.169145
P25SET-LITUSDT-1987106,2026-09-03 09:40:09,LITUSDT,3.896,0,STOP,2026-09-03 11:15:16,1.104,0,-1.976386
P25SET-FFUSDT-1987107,2026-09-03 09:55:09,FFUSDT,0.10926,0,STOP,2026-09-03 10:20:14,0.735,0,-2.333882
P25SET-ARCUSDT-1987108,2026-09-03 10:10:09,ARCUSDT,0.07471,0,STOP,2026-09-03 10:50:15,1.059,0,-2.342391
P25SET-ARUSDT-1987109,2026-09-03 10:25:11,ARUSDT,2.416,0,TIME_EXIT,2026-09-03 13:25:17,1.609,0,1.945364
P25SET-4USDT-1987112,2026-09-03 11:15:10,4USDT,0.016175,1,STOP,2026-09-03 12:15:17,1.391,0,-4.939722
P25SET-USELESSUSDT-1987113,2026-09-03 11:25:10,USELESSUSDT,0.12931,1,BE_EXIT,2026-09-03 12:02:16,2.197,1,1.8
P25SET-CAPUSDT-1987113,2026-09-03 11:30:11,CAPUSDT,0.07445,0,STOP,2026-09-03 11:40:17,0.0,0,-5.735393
P25SET-STXUSDT-1987115,2026-09-03 11:55:12,STXUSDT,0.2744,0,TIME_EXIT,2026-09-03 14:55:18,2.701,1,1.8
P25SET-EGLDUSDT-1987115,2026-09-03 12:10:10,EGLDUSDT,5.162,1,STOP,2026-09-03 12:35:17,0.097,0,-3.622627
P25SET-ARUSDT-1987120,2026-09-03 13:10:12,ARUSDT,2.458,1,TP2,2026-09-03 13:54:47,3.615,1,1.8
P25SET-CELOUSDT-1987120,2026-09-03 13:15:13,CELOUSDT,0.08025,0,BE_EXIT,2026-09-03 14:09:17,1.628,0,0.361944
P25SET-STXUSDT-1987121,2026-09-03 13:30:12,STXUSDT,0.2805,0,TIME_EXIT,2026-09-03 16:30:22,0.0,0,-3.672014
P25SET-ARUSDT-1987123,2026-09-03 13:55:12,ARUSDT,2.567,0,BE_EXIT,2026-09-03 14:01:47,2.0,1,1.8
P25SET-EGLDUSDT-1987123,2026-09-03 14:05:12,EGLDUSDT,5.223,1,TP2,2026-09-03 15:02:48,3.192,1,1.8
P25SET-CLOUSDT-1987124,2026-09-03 14:15:12,CLOUSDT,0.19226,1,STOP,2026-09-03 14:35:18,0.266,0,-4.426298
P25SET-ARUSDT-1987126,2026-09-03 14:40:13,ARUSDT,2.536,0,BE_EXIT,2026-09-03 15:24:46,2.996,1,1.8
P25SET-REDUSDT-1987127,2026-09-03 15:05:13,REDUSDT,0.12124,1,TP2,2026-09-03 15:28:16,3.459,1,1.8
P25SET-ARBUSDT-1987128,2026-09-03 15:10:15,ARBUSDT,0.13218,0,BE_EXIT,2026-09-03 15:34:20,2.383,1,1.8
P25SET-CHIPUSDT-1987129,2026-09-03 15:25:19,CHIPUSDT,0.04569,0,TP2,2026-09-03 15:45:50,3.108,1,1.8
P25SET-SKYAI1USDT-1987131,2026-09-03 16:10:19,SKYAI1USDT,0.06043,0,BE_EXIT,2026-09-03 17:07:23,2.333,1,1.8
P25SET-APTUSDT-1987133,2026-09-03 16:20:19,APTUSDT,0.6245,0,LATE_FAILURE_EXIT,2026-09-03 18:05:04,0.56,0,-2.578062
P25SET-COMPUSDT-1987134,2026-09-03 16:45:20,COMPUSDT,20.52,0,BE_EXIT,2026-09-03 17:44:24,2.339,1,1.8
P25SET-ARBUSDT-1987135,2026-09-03 17:00:19,ARBUSDT,0.13761,1,TIME_EXIT,2026-09-03 20:00:35,1.41,0,-1.947533
P25SET-PONSUSDT-1987139,2026-09-03 17:50:20,PONSUSDT,0.5117,0,BE_EXIT,2026-09-03 18:07:34,2.501,1,1.8
P25SET-USELESSUSDT-1987141,2026-09-03 18:25:21,USELESSUSDT,0.15093,0,TP2,2026-09-03 20:55:06,3.2,1,1.8
P25SET-BRUSDT-1987144,2026-09-03 19:15:22,BRUSDT,0.29251,0,BE_EXIT,2026-09-03 19:29:04,1.542,0,0.1
P25SET-LITUSDT-1987150,2026-09-03 20:40:25,LITUSDT,3.952,0,TIME_EXIT,2026-09-03 23:40:46,1.872,1,1.8
P25SET-UNIUSDT-1987150,2026-09-03 20:45:25,UNIUSDT,6.224,0,BE_EXIT,2026-09-03 22:30:08,1.96,1,1.8
P25SET-UBUSDT-1987151,2026-09-03 21:00:25,UBUSDT,0.12972,1,STOP,2026-09-03 23:18:46,0.994,0,-2.135368
P25SET-EDGEUSDT-1987152,2026-09-03 21:15:24,EDGEUSDT,0.5394,0,TP2,2026-09-03 21:36:06,3.801,1,1.8
P25SET-PONSUSDT-1987154,2026-09-03 21:40:25,PONSUSDT,0.5678,0,STOP,2026-09-03 22:31:38,0.123,0,-3.0
P25SET-FLOCKUSDT-1987164,2026-09-04 00:05:30,FLOCKUSDT,0.04048,0,STOP,2026-09-04 00:28:47,1.21,0,-2.309783
P25SET-4USDT-1987164,2026-09-04 00:10:30,4USDT,0.016472,0,STOP,2026-09-04 00:32:17,0.0,0,-2.032282
P25SET-LITUSDT-1987167,2026-09-04 00:55:30,LITUSDT,4.211,1,STOP,2026-09-04 01:33:49,0.332,0,-2.62408
P25SET-BEUSDT-1987168,2026-09-04 01:20:31,BEUSDT,234.68,0,TIME_EXIT,2026-09-04 04:20:51,1.547,0,0.519857
P25SET-SPXUSDT-1987169,2026-09-04 01:25:31,SPXUSDT,0.5957,0,TIME_EXIT,2026-09-04 04:25:52,0.218,0,-1.292597
P25SET-ZESTUSDT-1987170,2026-09-04 01:40:31,ZESTUSDT,0.1526,0,TP2,2026-09-04 01:54:19,3.145,1,1.8
P25SET-ZECUSDT-1987170,2026-09-04 01:50:30,ZECUSDT,948.77,1,TP2,2026-09-04 04:40:22,3.079,1,1.8
P25SET-ORDIUSDT-1987171,2026-09-04 01:55:31,ORDIUSDT,4.344,0,TIME_EXIT,2026-09-04 04:55:52,1.22,0,-2.394107
P25SET-USELESSUSDT-1987182,2026-09-04 04:40:32,USELESSUSDT,0.19182,1,STOP,2026-09-04 04:56:22,0.0,0,-3.0
P25SET-ARBUSDT-1987182,2026-09-04 04:45:33,ARBUSDT,0.13932,1,BE_EXIT,2026-09-04 05:54:53,1.629,0,0.1
P25SET-ARUSDT-1987186,2026-09-04 05:40:33,ARUSDT,2.664,0,BE_EXIT,2026-09-04 06:42:24,2.515,1,1.8
P25SET-NIULAIUSDT-1987188,2026-09-04 06:05:33,NIULAIUSDT,0.09138,0,BE_EXIT,2026-09-04 06:34:24,1.729,0,0.1
P25SET-ARBUSDT-1987188,2026-09-04 06:10:33,ARBUSDT,0.14202,1,STOP,2026-09-04 07:00:24,0.986,0,-3.0
P25SET-APRUSDT-1987190,2026-09-04 06:35:33,APRUSDT,0.2826,0,STOP,2026-09-04 07:13:54,0.0,0,-2.707006
P25SET-EDGEUSDT-1987190,2026-09-04 06:40:33,EDGEUSDT,0.6284,1,STOP,2026-09-04 07:13:54,1.209,0,-2.10853
P25SET-PONSUSDT-1987191,2026-09-04 06:55:33,PONSUSDT,0.6256,0,TP2,2026-09-04 07:36:24,3.948,1,1.8
P25SET-PONSUSDT-1987194,2026-09-04 07:40:33,PONSUSDT,0.6549,0,TP2,2026-09-04 08:12:55,3.329,1,1.8
P25SET-BRUSDT-1987198,2026-09-04 08:40:35,BRUSDT,0.3261,0,STOP,2026-09-04 09:11:26,1.095,0,-1.271734
P25SET-SPXUSDT-1987199,2026-09-04 09:00:36,SPXUSDT,0.6117,0,LATE_FAILURE_EXIT,2026-09-04 10:30:27,0.114,0,-2.730096
P25SET-NIULAIUSDT-1987200,2026-09-04 09:10:35,NIULAIUSDT,0.09651,1,BE_EXIT,2026-09-04 09:15:26,2.01,1,1.8
P25SET-USELESSUSDT-1987207,2026-09-04 10:50:36,USELESSUSDT,0.21217,0,BE_EXIT,2026-09-04 11:02:27,2.13,1,1.8
P25SET-DASHUSDT-1987209,2026-09-04 11:20:37,DASHUSDT,47.94,0,TP2,2026-09-04 11:54:23,3.379,1,1.8
P25SET-PUNDIXUSDT-1987209,2026-09-04 11:35:38,PUNDIXUSDT,0.09807,0,LATE_FAILURE_EXIT,2026-09-04 13:15:25,0.683,0,-1.713062
P25SET-ZENUSDT-1987210,2026-09-04 11:40:38,ZENUSDT,6.068,0,TP2,2026-09-04 12:36:55,3.032,1,1.8
P25SET-ZENUSDT-1987216,2026-09-04 13:10:55,ZENUSDT,6.347,0,STOP,2026-09-04 14:49:55,0.709,0,-3.0
P25SET-PONSUSDT-1987217,2026-09-04 13:25:55,PONSUSDT,0.6978,0,STOP,2026-09-04 13:42:25,0.043,0,-2.839925
P25SET-USELESSUSDT-1987223,2026-09-04 14:55:57,USELESSUSDT,0.22745,0,BE_EXIT,2026-09-04 15:13:27,1.745,0,0.1
P25SET-LITUSDT-1987233,2026-09-04 17:25:15,LITUSDT,4.491,0,BE_EXIT,2026-09-04 18:46:50,2.383,1,1.8
P25SET-SPXUSDT-1987233,2026-09-04 17:25:15,SPXUSDT,0.6097,0,TP2,2026-09-04 17:38:18,3.707,1,1.8
P25SET-XMRUSDT-1987234,2026-09-04 17:50:16,XMRUSDT,546.7,0,TP2,2026-09-04 18:54:20,3.278,1,1.8
P25SET-ZESTUSDT-1987235,2026-09-04 17:55:14,ZESTUSDT,0.1641,0,STOP,2026-09-04 18:04:19,0.0,0,-3.0
P25SET-PONSUSDT-1987236,2026-09-04 18:15:14,PONSUSDT,0.6896,1,STOP,2026-09-04 18:55:50,1.233,0,-2.105061
P25SET-ENAUSDT-1987236,2026-09-04 18:20:15,ENAUSDT,0.17022,0,TIME_EXIT,2026-09-04 21:20:22,1.21,0,-0.105746
P25SET-TWTUSDT-1987238,2026-09-04 18:50:17,TWTUSDT,0.6368,1,STOP,2026-09-04 19:16:51,0.0,0,-2.936872
P25SET-SUSDT-1987239,2026-09-04 19:05:17,SUSDT,0.02932,0,TP2,2026-09-04 20:26:52,3.07,1,1.8
P25SET-LITUSDT-1987243,2026-09-04 19:55:17,LITUSDT,4.651,0,STOP,2026-09-04 21:47:24,0.645,0,-2.661041
P25SET-TACUSDT-1987243,2026-09-04 20:00:17,TACUSDT,0.002491,1,TP2,2026-09-04 20:38:52,3.171,1,1.8
P25SET-TACUSDT-1987246,2026-09-04 20:40:18,TACUSDT,0.002585,1,BE_EXIT,2026-09-04 20:55:22,2.824,1,1.8
P25SET-SYRUPUSDT-1987247,2026-09-04 20:55:18,SYRUPUSDT,0.22912,1,STOP,2026-09-04 21:30:24,0.096,0,-3.0
P25SET-FFUSDT-1987247,2026-09-04 21:00:19,FFUSDT,0.10701,1,BE_EXIT,2026-09-04 21:26:54,2.813,1,1.8
P25SET-COTIUSDT-1987254,2026-09-04 22:35:23,COTIUSDT,0.014334,1,LATE_FAILURE_EXIT,2026-09-05 00:05:28,0.307,0,-1.946421
P25SET-AZTECUSDT-1987255,2026-09-04 22:50:21,AZTECUSDT,0.01758,0,TP2,2026-09-04 23:23:28,3.584,1,1.8
P25SET-ZORAUSDT-1987255,2026-09-04 22:55:23,ZORAUSDT,0.00826,0,BE_EXIT,2026-09-04 23:25:58,2.978,1,1.8
P25SET-TACUSDT-1987255,2026-09-04 23:05:22,TACUSDT,0.002646,1,BE_EXIT,2026-09-05 00:06:58,2.154,1,1.8
P25SET-SMCIUSDT-1987258,2026-09-04 23:40:24,SMCIUSDT,39.6,0,TP2,2026-09-05 01:51:29,3.005,1,1.8
P25SET-PORTALUSDT-1987258,2026-09-04 23:50:24,PORTALUSDT,0.01671,0,TP2,2026-09-05 00:10:28,3.741,1,1.8
P25SET-QUSDT-1987260,2026-09-05 00:20:22,QUSDT,0.02654,0,BE_EXIT,2026-09-05 01:09:29,2.713,1,1.8
P25SET-ZORAUSDT-1987261,2026-09-05 00:25:23,ZORAUSDT,0.008715,0,BE_EXIT,2026-09-05 00:46:28,1.905,1,1.8
P25SET-PORTALUSDT-1987262,2026-09-05 00:40:23,PORTALUSDT,0.017588,0,TP2,2026-09-05 01:02:59,4.753,1,1.8
P25SET-DASHUSDT-1987263,2026-09-05 00:55:23,DASHUSDT,52.59,0,TP2,2026-09-05 01:29:29,3.099,1,1.8
P25SET-TACUSDT-1987264,2026-09-05 01:10:23,TACUSDT,0.002719,0,TP2,2026-09-05 01:39:59,3.42,1,1.8
P25SET-LPTUSDT-1987264,2026-09-05 01:10:25,LPTUSDT,1.4405,1,BE_EXIT,2026-09-05 02:25:29,2.055,1,1.8
P25SET-CBRSUSDT-1987266,2026-09-05 01:35:24,CBRSUSDT,213.82,0,LATE_FAILURE_EXIT,2026-09-05 04:05:04,0.117,0,-1.997007
P25SET-SYRUPUSDT-1987267,2026-09-05 01:50:25,SYRUPUSDT,0.23131,0,STOP,2026-09-05 04:33:34,1.016,0,-2.481518
P25SET-DASHUSDT-1987268,2026-09-05 02:10:24,DASHUSDT,55.06,1,BE_EXIT,2026-09-05 02:57:03,2.161,1,1.8
P25SET-QUSDT-1987270,2026-09-05 02:40:25,QUSDT,0.02765,0,STOP,2026-09-05 02:50:03,0.904,0,-3.0
P25SET-ZORAUSDT-1987272,2026-09-05 03:25:25,ZORAUSDT,0.009009,0,STOP,2026-09-05 03:34:33,0.1,0,-3.0
P25SET-ZENUSDT-1987273,2026-09-05 03:35:26,ZENUSDT,6.636,0,TP2,2026-09-05 06:30:36,3.074,1,1.8
P25SET-GIGGLEUSDT-1987274,2026-09-05 03:40:26,GIGGLEUSDT,40.1,1,TP2,2026-09-05 04:37:04,3.117,1,1.8
P25SET-COTIUSDT-1987277,2026-09-05 04:25:27,COTIUSDT,0.014586,0,STOP,2026-09-05 04:48:35,0.089,0,-2.396133
P25SET-GIGGLEUSDT-1987277,2026-09-05 04:40:27,GIGGLEUSDT,41.4,1,LATE_FAILURE_EXIT,2026-09-05 06:20:06,0.507,0,-2.101449
P25SET-SNXXUSDT-1987280,2026-09-05 05:15:26,SNXXUSDT,17.35,0,TIME_EXIT,2026-09-05 08:15:37,0.0,0,-0.806916
P25SET-DASHUSDT-1987281,2026-09-05 05:25:26,DASHUSDT,55.89,0,TP2,2026-09-05 05:54:06,3.113,1,1.8
P25SET-ICXUSDT-1987285,2026-09-05 06:27:29,ICXUSDT,0.01309,0,BE_EXIT,2026-09-05 06:57:06,1.528,0,0.1
P25SET-ZENUSDT-1987285,2026-09-05 06:35:28,ZENUSDT,6.849,0,STOP,2026-09-05 07:18:37,0.701,0,-1.584173
P25SET-DASHUSDT-1987292,2026-09-05 08:10:28,DASHUSDT,61.06,1,TP2,2026-09-05 08:23:07,3.21,1,1.8
P25SET-TACUSDT-1987294,2026-09-05 08:55:29,TACUSDT,0.002666,0,STOP,2026-09-05 09:33:38,0.075,0,-1.556639
P25SET-USELESSUSDT-1987296,2026-09-05 09:15:29,USELESSUSDT,0.26463,0,TP2,2026-09-05 10:07:38,3.008,1,1.8
P25SET-NEARUSDT-1987297,2026-09-05 09:25:30,NEARUSDT,2.235,1,BE_EXIT,2026-09-05 10:27:40,1.566,0,0.1
P25SET-ROSEUSDT-1987297,2026-09-05 09:35:31,ROSEUSDT,0.006566,1,TP2,2026-09-05 11:25:12,3.32,1,1.8
P25SET-ZKUSDT-1987299,2026-09-05 09:55:31,ZKUSDT,0.0099,0,TP2,2026-09-05 11:45:42,3.111,1,1.8
P25SET-PEAQUSDT-1987300,2026-09-05 10:10:30,PEAQUSDT,0.027239,0,BE_EXIT,2026-09-05 11:47:42,1.546,0,0.1
P25SET-ZENUSDT-1987302,2026-09-05 10:40:31,ZENUSDT,7.241,0,TP2,2026-09-05 11:13:12,3.121,1,1.8
P25SET-SIGNUSDT-1987305,2026-09-05 11:25:33,SIGNUSDT,0.010086,0,BE_EXIT,2026-09-05 12:23:12,2.548,1,1.8
P25SET-XCNUSDT-1987311,2026-09-05 12:55:32,XCNUSDT,0.004291,0,BE_EXIT,2026-09-05 13:18:43,2.587,1,1.8
P25SET-BROCCOLIUSDT-1987311,2026-09-05 13:00:33,BROCCOLIUSDT,0.020865,0,TP2,2026-09-05 13:12:43,3.173,1,1.8
P25SET-ZENUSDT-1987313,2026-09-05 13:25:33,ZENUSDT,7.486,1,BE_EXIT,2026-09-05 14:01:14,1.924,1,1.8
P25SET-BROCCOLIUSDT-1987314,2026-09-05 13:50:34,BROCCOLIUSDT,0.021515,1,TP2,2026-09-05 14:12:44,3.133,1,1.8
P25SET-DASHUSDT-1987316,2026-09-05 14:10:33,DASHUSDT,69.52,1,TP2,2026-09-05 14:19:14,3.28,1,1.8
P25SET-ZKUSDT-1987316,2026-09-05 14:10:35,ZKUSDT,0.010287,0,TP2,2026-09-05 15:04:48,3.014,1,1.8
P25SET-NILUSDT-1987317,2026-09-05 14:30:35,NILUSDT,0.05179,0,BE_EXIT,2026-09-05 15:55:48,1.796,0,0.1
P25SET-ZENUSDT-1987319,2026-09-05 15:00:35,ZENUSDT,7.896,0,BE_EXIT,2026-09-05 15:15:18,1.874,1,1.8
P25SET-ROSEUSDT-1987319,2026-09-05 15:00:36,ROSEUSDT,0.006864,1,STOP,2026-09-05 15:43:48,0.466,0,-0.961538
P25SET-ICPUSDT-1987321,2026-09-05 15:25:36,ICPUSDT,2.668,0,BE_EXIT,2026-09-05 16:38:41,1.687,0,0.1
P25SET-NIULAIUSDT-1987321,2026-09-05 15:25:36,NIULAIUSDT,0.09639,0,TP2,2026-09-05 15:50:48,3.341,1,1.8
P25SET-PTBUSDT-1987323,2026-09-05 16:00:42,PTBUSDT,0.0008095,0,TIME_EXIT,2026-09-05 19:00:45,1.075,0,-1.050031
P25SET-GALAUSDT-1987324,2026-09-05 16:20:43,GALAUSDT,0.00191,0,TIME_EXIT,2026-09-05 19:20:45,1.466,0,0.104712
P25SET-NAORISUSDT-1987329,2026-09-05 17:25:43,NAORISUSDT,0.0298,1,BE_EXIT,2026-09-05 18:00:13,2.483,1,1.8
P25SET-UAIUSDT-1987329,2026-09-05 17:30:42,UAIUSDT,0.4699,1,TIME_EXIT,2026-09-05 20:30:46,1.085,0,0.297936
P25SET-GIGGLEUSDT-1987332,2026-09-05 18:05:44,GIGGLEUSDT,43.68,0,BE_EXIT,2026-09-05 18:51:44,2.06,1,1.8
P25SET-BLESSUSDT-1987337,2026-09-05 19:25:47,BLESSUSDT,0.009424,0,TIME_EXIT,2026-09-05 22:25:49,2.759,1,1.8
P25SET-TRIAUSDT-1987340,2026-09-05 20:10:47,TRIAUSDT,0.005555,0,TP2,2026-09-05 20:46:18,3.294,1,1.8
P25SET-ZORAUSDT-1987340,2026-09-05 20:10:47,ZORAUSDT,0.009103,0,TP2,2026-09-05 20:25:16,3.065,1,1.8
P25SET-PTBUSDT-1987342,2026-09-05 20:35:50,PTBUSDT,0.000832,0,BE_EXIT,2026-09-05 21:16:48,2.284,1,1.8
P25SET-PONSUSDT-1987343,2026-09-05 20:55:49,PONSUSDT,0.857,0,TP2,2026-09-05 21:05:48,3.034,1,1.8
P25SET-ASTERUSDT-1987343,2026-09-05 20:55:50,ASTERUSDT,0.7888,0,TP2,2026-09-05 21:23:18,3.207,1,1.8
P25SET-CAKEUSDT-1987345,2026-09-05 21:35:50,CAKEUSDT,2.178,0,TP2,2026-09-05 22:12:49,3.306,1,1.8
P25SET-FORMUSDT-1987346,2026-09-05 21:50:50,FORMUSDT,0.3081,0,TP2,2026-09-05 22:10:49,3.181,1,1.8
P25SET-TRIAUSDT-1987349,2026-09-05 22:20:50,TRIAUSDT,0.005507,0,BE_EXIT,2026-09-05 22:32:50,1.634,0,0.1
P25SET-BNCUSDT-1987349,2026-09-05 22:30:50,BNCUSDT,3.945,0,STOP,2026-09-05 22:52:20,0.406,0,-3.0
P25SET-FFUSDT-1987350,2026-09-05 22:40:52,FFUSDT,0.12359,0,STOP,2026-09-06 00:08:21,1.028,0,-3.0
P25SET-SIGNUSDT-1987353,2026-09-05 23:35:52,SIGNUSDT,0.010616,1,STOP,2026-09-06 00:03:51,0.075,0,-2.138282
P25SET-USELESSUSDT-1987353,2026-09-05 23:38:54,USELESSUSDT,0.2607,1,STOP,2026-09-06 00:11:21,0.146,0,-2.007259
P25SET-ARUSDT-1987360,2026-09-06 01:10:52,ARUSDT,3.045,1,STOP,2026-09-06 01:33:52,0.164,0,-2.298851
P25SET-CHIPUSDT-1987362,2026-09-06 01:40:53,CHIPUSDT,0.06023,0,STOP,2026-09-06 02:26:22,0.0,0,-3.0
P25SET-CAKEUSDT-1987363,2026-09-06 01:50:53,CAKEUSDT,2.27,0,TIME_EXIT,2026-09-06 04:50:53,0.573,0,-0.30837
P25SET-UNIUSDT-1987364,2026-09-06 02:20:53,UNIUSDT,6.686,0,TP2,2026-09-06 03:14:53,3.021,1,1.8
P25SET-AKEUSDT-1987366,2026-09-06 02:35:52,AKEUSDT,0.019897,0,TP2,2026-09-06 02:53:53,3.016,1,1.8
P25SET-COTIUSDT-1987368,2026-09-06 03:20:53,COTIUSDT,0.016067,1,BE_EXIT,2026-09-06 03:38:23,1.786,0,0.1
P25SET-FFUSDT-1987371,2026-09-06 03:50:54,FFUSDT,0.12325,0,BE_EXIT,2026-09-06 04:30:23,2.337,1,1.8
P25SET-AEROUSDT-1987375,2026-09-06 04:55:55,AEROUSDT,0.5476,0,STOP,2026-09-06 05:18:54,0.274,0,-2.483565
P25SET-PONSUSDT-1987382,2026-09-06 06:35:54,PONSUSDT,0.9467,0,STOP,2026-09-06 07:17:55,0.93,0,-3.0
P25SET-4USDT-1987381,2026-09-06 06:40:54,4USDT,0.034095,0,STOP,2026-09-06 06:59:24,0.628,0,-3.0
P25SET-MOODENGUSDT-1987383,2026-09-06 06:50:56,MOODENGUSDT,0.04639,0,STOP,2026-09-06 07:38:55,0.0,0,-2.026299
P25SET-STRKUSDT-1987383,2026-09-06 06:55:55,STRKUSDT,0.02974,0,TP2,2026-09-06 07:34:25,3.093,1,1.8
P25SET-NIULAIUSDT-1987388,2026-09-06 08:15:55,NIULAIUSDT,0.12287,1,STOP,2026-09-06 08:48:56,0.301,0,-2.620656
P25SET-APRUSDT-1987390,2026-09-06 08:45:56,APRUSDT,0.2539,1,LATE_FAILURE_EXIT,2026-09-06 10:20:08,0.945,0,-1.536038
P25SET-ARBUSDT-1987393,2026-09-06 09:20:57,ARBUSDT,0.18673,0,TP2,2026-09-06 09:48:03,3.529,1,1.8
P25SET-BOMEUSDT-1987393,2026-09-06 09:35:58,BOMEUSDT,0.0009329,1,TP2,2026-09-06 09:41:33,3.162,1,1.8
P25SET-OPUSDT-1987394,2026-09-06 09:35:58,OPUSDT,0.11072,0,BE_EXIT,2026-09-06 11:20:40,2.863,1,1.8
P25SET-UNIUSDT-1987396,2026-09-06 10:06:00,UNIUSDT,7.322,0,BE_EXIT,2026-09-06 10:32:08,2.076,1,1.8
P25SET-SUSHIUSDT-1987400,2026-09-06 11:05:00,SUSHIUSDT,0.2697,0,STOP,2026-09-06 11:16:40,0.927,0,-3.0
P25SET-PONSUSDT-1987400,2026-09-06 11:15:00,PONSUSDT,0.9387,1,STOP,2026-09-06 11:28:40,0.0,0,-1.166507
P25SET-DASHUSDT-1987404,2026-09-06 12:20:03,DASHUSDT,68.19,1,STOP,2026-09-06 12:42:41,0.191,0,-1.264262
P25SET-ZORAUSDT-1987404,2026-09-06 12:20:03,ZORAUSDT,0.008879,0,STOP,2026-09-06 12:43:41,0.315,0,-1.948418
P25SET-FLOCKUSDT-1987412,2026-09-06 14:05:05,FLOCKUSDT,0.07227,1,BE_EXIT,2026-09-06 15:01:13,2.56,1,1.8
P25SET-ASTERUSDT-1987413,2026-09-06 14:25:07,ASTERUSDT,0.8049,0,STOP,2026-09-06 14:53:43,0.124,0,-1.59026
P25SET-COTIUSDT-1987415,2026-09-06 14:50:06,COTIUSDT,0.016999,0,BE_EXIT,2026-09-06 15:04:43,2.03,1,1.8
P25SET-ORCAUSDT-1987415,2026-09-06 14:55:06,ORCAUSDT,1.3768,0,STOP,2026-09-06 15:23:45,0.0,0,-1.950174
P25SET-GRTUSDT-1987418,2026-09-06 15:50:02,GRTUSDT,0.02004,0,TP2,2026-09-06 16:03:36,3.194,1,1.8
P25SET-JUPUSDT-1987419,2026-09-06 15:55:02,JUPUSDT,0.2393,0,TP2,2026-09-06 18:15:41,3.051,1,1.8
P25SET-NEARUSDT-1987424,2026-09-06 17:10:06,NEARUSDT,2.337,0,STOP,2026-09-06 17:32:10,1.113,0,-2.409606
P25SET-FLOCKUSDT-1987426,2026-09-06 17:40:04,FLOCKUSDT,0.08001,0,BE_EXIT,2026-09-06 17:45:40,1.575,0,0.1
P25SET-EPICUSDT-1987429,2026-09-06 18:20:05,EPICUSDT,0.4613,0,TP2,2026-09-06 18:36:41,3.295,1,1.8
P25SET-COTIUSDT-1987431,2026-09-06 18:55:06,COTIUSDT,0.017061,0,TP2,2026-09-06 19:20:12,3.071,1,1.8
P25SET-XANUSDT-1987431,2026-09-06 19:00:06,XANUSDT,0.017115,0,STOP,2026-09-06 19:16:42,0.637,0,-3.0
P25SET-RAYDIUMUSDT-1987433,2026-09-06 19:25:06,RAYDIUMUSDT,1.1517,1,BE_EXIT,2026-09-06 19:45:42,1.632,0,0.1
P25SET-CHILLGUYUSDT-1987434,2026-09-06 19:40:07,CHILLGUYUSDT,0.014519,0,TP2,2026-09-06 20:56:45,3.134,1,1.8
P25SET-JTOUSDT-1987434,2026-09-06 19:40:08,JTOUSDT,0.4491,0,TP2,2026-09-06 22:09:20,3.407,1,1.8
P25SET-ZKUSDT-1987435,2026-09-06 20:05:07,ZKUSDT,0.011316,1,STOP,2026-09-06 20:18:15,0.557,0,-3.0
P25SET-APRUSDT-1987436,2026-09-06 20:05:08,APRUSDT,0.2399,1,TP2,2026-09-06 21:05:45,3.501,1,1.8
P25SET-METUSDT-1987437,2026-09-06 20:35:09,METUSDT,0.2125,1,TP2,2026-09-06 21:00:45,3.012,1,1.8
P25SET-ROSEUSDT-1987439,2026-09-06 21:06:10,ROSEUSDT,0.007479,0,STOP,2026-09-06 21:27:16,0.227,0,-1.948289
P25SET-JUPUSDT-1987440,2026-09-06 21:15:08,JUPUSDT,0.2763,1,STOP,2026-09-06 21:23:45,0.253,0,-3.0
P25SET-FLOCKUSDT-1987441,2026-09-06 21:25:08,FLOCKUSDT,0.08008,1,STOP,2026-09-06 21:27:46,1.449,0,-3.0
P25SET-COTIUSDT-1987443,2026-09-06 22:05:09,COTIUSDT,0.01846,0,STOP,2026-09-06 22:20:26,1.089,0,-3.0
P25SET-ORCAUSDT-1987445,2026-09-06 22:35:11,ORCAUSDT,1.4415,1,BE_EXIT,2026-09-06 22:56:26,1.686,0,0.1
P25SET-METISUSDT-1987445,2026-09-06 22:40:10,METISUSDT,3.416,1,STOP,2026-09-06 23:13:27,0.849,0,-2.063817
P25SET-NEARUSDT-1987447,2026-09-06 23:00:11,NEARUSDT,2.464,1,STOP,2026-09-06 23:23:58,0.771,0,-2.435065
P25SET-XANUSDT-1987448,2026-09-06 23:10:10,XANUSDT,0.017753,1,BE_EXIT,2026-09-06 23:33:28,2.653,1,1.8
P25SET-UAIUSDT-1987451,2026-09-06 23:55:12,UAIUSDT,0.57,0,STOP,2026-09-06 23:58:28,0.0,0,-3.0
P25SET-METUSDT-1987455,2026-09-07 01:05:13,METUSDT,0.2178,1,STOP,2026-09-07 01:33:34,0.321,0,-0.780533
P25SET-LDOUSDT-1987456,2026-09-07 01:15:14,LDOUSDT,0.4293,1,LATE_FAILURE_EXIT,2026-09-07 02:45:05,0.839,0,-2.632192
P25SET-SUSHIUSDT-1987457,2026-09-07 01:25:13,SUSHIUSDT,0.2586,0,STOP,2026-09-07 02:08:34,1.276,0,-2.764888
P25SET-ENSUSDT-1987457,2026-09-07 01:31:16,ENSUSDT,6.247,0,TIME_EXIT,2026-09-07 04:31:36,1.008,0,-1.056507
P25SET-ROSEUSDT-1987459,2026-09-07 01:55:15,ROSEUSDT,0.00736,0,TP2,2026-09-07 03:27:35,3.179,1,1.8
P25SET-METISUSDT-1987461,2026-09-07 02:31:15,METISUSDT,3.289,0,BE_EXIT,2026-09-07 02:53:35,2.372,1,1.8
P25SET-TAOUSDT-1987462,2026-09-07 02:45:15,TAOUSDT,255.51,0,TP2,2026-09-07 04:12:35,3.061,1,1.8
P25SET-CHILLGUYUSDT-1987463,2026-09-07 02:55:14,CHILLGUYUSDT,0.015778,0,BE_EXIT,2026-09-07 04:31:06,1.851,1,1.8
P25SET-DASHUSDT-1987465,2026-09-07 03:30:16,DASHUSDT,71.11,1,FLAT_EXIT_75M,2026-09-07 06:00:06,0.338,0,-0.871889
P25SET-TIAUSDT-1987472,2026-09-07 05:20:16,TIAUSDT,0.4137,0,TP2,2026-09-07 06:10:36,3.167,1,1.8
P25SET-METISUSDT-1987473,2026-09-07 05:25:15,METISUSDT,3.48,0,BE_EXIT,2026-09-07 05:34:36,2.816,1,1.8
P25SET-XANUSDT-1987474,2026-09-07 05:40:15,XANUSDT,0.019186,0,TP2,2026-09-07 06:45:08,3.049,1,1.8
P25SET-FLOCKUSDT-1987476,2026-09-07 06:05:15,FLOCKUSDT,0.07492,1,TP2,2026-09-07 06:15:36,4.712,1,1.8
P25SET-JTOUSDT-1987477,2026-09-07 06:25:16,JTOUSDT,0.466,0,TP2,2026-09-07 07:05:38,3.026,1,1.8
P25SET-KASUSDT-1987478,2026-09-07 06:40:17,KASUSDT,0.03217,0,TIME_EXIT,2026-09-07 09:40:39,0.715,0,-0.497358
P25SET-EIGENUSDT-1987479,2026-09-07 07:00:17,EIGENUSDT,0.2183,0,STOP,2026-09-07 07:23:38,0.641,0,-1.534585
P25SET-DOODUSDT-1987483,2026-09-07 07:55:16,DOODUSDT,0.001907,1,BE_EXIT,2026-09-07 08:17:08,1.783,0,0.1
P25SET-METISUSDT-1987484,2026-09-07 08:15:16,METISUSDT,3.534,0,TP2,2026-09-07 08:23:09,3.226,1,1.8
P25SET-NAORISUSDT-1987484,2026-09-07 08:20:16,NAORISUSDT,0.0397,1,STOP,2026-09-07 08:45:39,0.101,0,-1.315617
P25SET-JUPUSDT-1987486,2026-09-07 08:40:17,JUPUSDT,0.2728,0,BE_EXIT,2026-09-07 09:02:09,1.686,0,0.1
P25SET-INJUSDT-1987489,2026-09-07 09:30:18,INJUSDT,5.42,0,TP2,2026-09-07 11:39:46,3.1,1,1.8
P25SET-UAIUSDT-1987489,2026-09-07 09:30:18,UAIUSDT,0.6062,1,BE_EXIT,2026-09-07 10:07:40,2.507,1,1.8
P25SET-METISUSDT-1987492,2026-09-07 10:05:18,METISUSDT,3.788,0,STOP,2026-09-07 10:07:40,0.079,0,-3.0
P25SET-ARXUSDT-1987492,2026-09-07 10:05:19,ARXUSDT,0.149,0,TP2,2026-09-07 10:49:46,3.826,1,1.8
P25SET-ORCAUSDT-1987493,2026-09-07 10:25:18,ORCAUSDT,1.5676,0,TP2,2026-09-07 10:35:10,3.719,1,1.8
P25SET-TAOUSDT-1987498,2026-09-07 11:40:20,TAOUSDT,274.29,0,TIME_EXIT,2026-09-07 14:40:24,0.915,0,-1.192169
P25SET-XANUSDT-1987501,2026-09-07 12:25:21,XANUSDT,0.020912,1,STOP,2026-09-07 12:47:48,0.258,0,-1.868903
P25SET-NOMUSDT-1987501,2026-09-07 12:25:22,NOMUSDT,0.001896,1,STOP,2026-09-07 12:53:49,0.105,0,-2.610759
P25SET-ICPUSDT-1987506,2026-09-07 13:45:31,ICPUSDT,2.79,0,TP2,2026-09-07 14:25:51,3.118,1,1.8
P25SET-XLMUSDT-1987506,2026-09-07 13:45:31,XLMUSDT,0.1926,0,FLAT_EXIT_75M,2026-09-07 15:00:24,0.312,0,-1.298027
P25SET-INJUSDT-1987507,2026-09-07 14:00:31,INJUSDT,5.565,0,BE_EXIT,2026-09-07 15:37:25,1.995,1,1.8
P25SET-ZROUSDT-1987509,2026-09-07 14:30:31,ZROUSDT,1.1332,0,FLAT_EXIT_75M,2026-09-07 15:45:26,0.282,0,-1.21779
P25SET-MNTUSDT-1987510,2026-09-07 14:40:31,MNTUSDT,0.662,0,STOP,2026-09-07 15:16:24,0.0,0,-1.612651
P25SET-COTIUSDT-1987514,2026-09-07 15:40:34,COTIUSDT,0.018392,0,BE_EXIT,2026-09-07 16:23:22,2.24,1,1.8
P25SET-ARXUSDT-1987515,2026-09-07 15:50:33,ARXUSDT,0.1583,0,TP2,2026-09-07 16:14:22,3.79,1,1.8
P25SET-WLDUSDT-1987517,2026-09-07 16:20:53,WLDUSDT,0.4405,0,TP2,2026-09-07 16:45:24,3.178,1,1.8
P25SET-BLESSUSDT-1987524,2026-09-07 18:15:57,BLESSUSDT,0.009627,0,STOP,2026-09-07 20:18:06,1.215,0,-1.288044
P25SET-ZROUSDT-1987525,2026-09-07 18:30:56,ZROUSDT,1.1542,0,TIME_EXIT,2026-09-07 21:31:09,2.686,1,1.8
P25SET-PUMPFUNUSDT-1987536,2026-09-07 21:05:03,PUMPFUNUSDT,0.004555,1,STOP,2026-09-07 22:25:15,0.0,0,-3.0
P25SET-IOSTUSDT-1987536,2026-09-07 21:10:03,IOSTUSDT,0.0009095,1,STOP,2026-09-07 21:33:09,1.242,0,-2.307229
P25SET-STXUSDT-1987538,2026-09-07 21:45:05,STXUSDT,0.2807,0,TP2,2026-09-07 22:02:14,3.028,1,1.8
P25SET-SUIUSDT-1987539,2026-09-07 21:50:17,SUIUSDT,0.8387,0,STOP,2026-09-07 22:38:45,0.608,0,-1.585788
P25SET-UAIUSDT-1987540,2026-09-07 22:10:05,UAIUSDT,0.6522,1,TP2,2026-09-07 23:44:22,3.021,1,1.8
P25SET-SOPHUSDT-1987541,2026-09-07 22:35:07,SOPHUSDT,0.005385,1,STOP,2026-09-07 23:17:20,1.077,0,-1.220706
P25SET-BEATUSDT-1987547,2026-09-07 23:55:17,BEATUSDT,0.13317,1,STOP,2026-09-08 00:44:25,0.143,0,-3.0
P25SET-IOSTUSDT-1987555,2026-09-08 02:00:21,IOSTUSDT,0.0009102,1,TP2,2026-09-08 02:43:26,3.142,1,1.8
P25SET-ICPUSDT-1987557,2026-09-08 02:20:21,ICPUSDT,3.067,0,LATE_FAILURE_EXIT,2026-09-08 03:45:27,0.261,0,-2.641017
P25SET-WLDUSDT-1987557,2026-09-08 02:30:21,WLDUSDT,0.4707,0,STOP,2026-09-08 03:13:57,0.404,0,-1.593372
P25SET-AEROUSDT-1987559,2026-09-08 03:00:22,AEROUSDT,0.5766,0,TP2,2026-09-08 03:39:57,3.018,1,1.8
P25SET-MONUSDT-1987563,2026-09-08 03:55:23,MONUSDT,0.02791,0,STOP,2026-09-08 04:28:57,0.788,0,-2.239341
P25SET-IOSTUSDT-1987565,2026-09-08 04:20:22,IOSTUSDT,0.0009554,0,TP2,2026-09-08 04:57:27,3.318,1,1.8
P25SET-PUMPFUNUSDT-1987567,2026-09-08 04:55:23,PUMPFUNUSDT,0.004457,0,STOP,2026-09-08 05:11:58,0.022,0,-1.954285
P25SET-INJUSDT-1987567,2026-09-08 05:00:22,INJUSDT,6.254,1,STOP,2026-09-08 07:36:00,1.375,0,-3.0
P25SET-BUSDT-1987571,2026-09-08 05:50:23,BUSDT,0.18794,0,TP2,2026-09-08 08:50:05,3.288,1,1.8
P25SET-AEROUSDT-1987574,2026-09-08 06:35:23,AEROUSDT,0.6323,0,BE_EXIT,2026-09-08 06:58:30,2.625,1,1.8
P25SET-SOPHUSDT-1987584,2026-09-08 09:15:33,SOPHUSDT,0.005857,0,TP2,2026-09-08 09:18:06,3.227,1,1.8
P25SET-AEROUSDT-1987586,2026-09-08 09:50:34,AEROUSDT,0.6428,0,TP2,2026-09-08 12:39:44,3.376,1,1.8
P25SET-CFGUSDT-1987592,2026-09-08 11:20:35,CFGUSDT,0.1269,1,TP2,2026-09-08 11:41:05,3.388,1,1.8
P25SET-INJUSDT-1987592,2026-09-08 11:25:34,INJUSDT,6.636,1,STOP,2026-09-08 12:03:44,1.055,0,-2.305606
P25SET-XANUSDT-1987595,2026-09-08 11:55:44,XANUSDT,0.021195,0,TP2,2026-09-08 12:30:14,3.312,1,1.8
P25SET-IOSTUSDT-1987597,2026-09-08 12:25:44,IOSTUSDT,0.0009801,0,TP2,2026-09-08 12:34:14,3.796,1,1.8
P25SET-SKRUSDT-1987597,2026-09-08 12:25:45,SKRUSDT,0.02243,0,STOP,2026-09-08 12:53:15,0.0,0,-2.253678
P25SET-SYRUPUSDT-1987599,2026-09-08 12:55:45,SYRUPUSDT,0.23235,0,BE_EXIT,2026-09-08 15:48:56,2.983,1,1.8
P25SET-FORMUSDT-1987612,2026-09-08 16:10:51,FORMUSDT,0.3308,0,TP2,2026-09-08 16:21:58,3.144,1,1.8
P25SET-KAITOUSDT-1987615,2026-09-08 16:55:53,KAITOUSDT,0.3444,1,STOP,2026-09-08 17:18:30,0.058,0,-2.224231
P25SET-XPLUSDT-1987620,2026-09-08 18:05:55,XPLUSDT,0.09446,0,TP2,2026-09-08 18:37:31,3.314,1,1.8
P25SET-SKRUSDT-1987620,2026-09-08 18:10:55,SKRUSDT,0.022144,1,STOP,2026-09-08 18:47:01,0.0,0,-1.981903
P25SET-USELESSUSDT-1987623,2026-09-08 18:55:55,USELESSUSDT,0.26375,0,TP2,2026-09-08 19:24:03,3.132,1,1.8
P25SET-APTUSDT-1987623,2026-09-08 18:55:57,APTUSDT,0.6698,0,STOP,2026-09-08 20:16:04,0.09,0,-3.0
P25SET-PUMPFUNUSDT-1987625,2026-09-08 19:25:56,PUMPFUNUSDT,0.004414,0,STOP,2026-09-08 20:13:34,0.521,0,-2.004984
P25SET-BICOUSDT-1987628,2026-09-08 20:20:57,BICOUSDT,0.024326,0,BE_EXIT,2026-09-08 21:55:07,2.105,1,1.8
P25SET-ICXUSDT-1987633,2026-09-08 21:30:59,ICXUSDT,0.01527,0,BE_EXIT,2026-09-08 22:45:38,2.161,1,1.8
P25SET-LITEUSDT-1987640,2026-09-08 23:15:10,LITEUSDT,938.84,1,TP2,2026-09-08 23:28:42,3.149,1,1.8
P25SET-INJUSDT-1987641,2026-09-08 23:30:09,INJUSDT,6.496,1,STOP,2026-09-09 01:48:46,1.047,0,-2.147475
P25SET-NBISUSDT-1987643,2026-09-08 23:55:10,NBISUSDT,241.83,0,TP2,2026-09-09 00:31:45,3.093,1,1.8
P25SET-PENDLEUSDT-1987644,2026-09-09 00:10:12,PENDLEUSDT,2.268,0,STOP,2026-09-09 00:23:45,0.044,0,-3.0
P25SET-XPLUSDT-1987644,2026-09-09 00:20:12,XPLUSDT,0.09853,1,STOP,2026-09-09 01:20:16,0.345,0,-3.0
P25SET-MEGAUSDT-1987645,2026-09-09 00:35:12,MEGAUSDT,0.04437,0,STOP,2026-09-09 00:58:46,0.0,0,-2.558035
P25SET-ALGOUSDT-1987647,2026-09-09 00:55:13,ALGOUSDT,0.10264,0,FLAT_EXIT_75M,2026-09-09 02:30:17,0.341,0,-0.779423
P25SET-AKEUSDT-1987648,2026-09-09 01:20:11,AKEUSDT,0.019762,1,TP2,2026-09-09 01:57:16,5.313,1,1.8
P25SET-ENSUSDT-1987651,2026-09-09 02:05:13,ENSUSDT,6.483,0,FLAT_EXIT_75M,2026-09-09 03:45:17,0.386,0,-1.403671
P25SET-ICXUSDT-1987652,2026-09-09 02:10:12,ICXUSDT,0.01664,0,STOP,2026-09-09 02:13:46,1.262,0,-3.0
P25SET-SENTUSDT-1987657,2026-09-09 03:35:14,SENTUSDT,0.014955,1,TIME_EXIT,2026-09-09 06:35:20,2.822,1,1.8
P25SET-EGLDUSDT-1987662,2026-09-09 04:50:15,EGLDUSDT,4.826,0,TP2,2026-09-09 07:08:50,3.067,1,1.8
P25SET-BTRUSDT-1987670,2026-09-09 06:35:15,BTRUSDT,0.05304,1,STOP,2026-09-09 07:33:50,0.528,0,-3.0
P25SET-FORMUSDT-1987676,2026-09-09 08:20:16,FORMUSDT,0.3199,0,BE_EXIT,2026-09-09 08:42:21,1.751,0,0.1
P25SET-ARXUSDT-1987678,2026-09-09 08:40:17,ARXUSDT,0.1553,0,TP2,2026-09-09 09:12:51,3.155,1,1.8
P25SET-RAYDIUMUSDT-1987679,2026-09-09 09:00:17,RAYDIUMUSDT,1.2315,0,TIME_EXIT,2026-09-09 14:40:19,4.58,1,1.8
P25SET-KSMUSDT-1987681,2026-09-09 09:30:18,KSMUSDT,4.115,1,TIME_EXIT,2026-09-09 14:40:19,0.219,0,-3.499392
P25SET-PEAQUSDT-1987681,2026-09-09 09:35:17,PEAQUSDT,0.031241,1,TIME_EXIT,2026-09-09 14:40:19,0.0,0,-2.752793
P25SET-LITUSDT-1987702,2026-09-09 14:50:16,LITUSDT,5.184,0,TIME_EXIT,2026-09-09 17:50:23,2.431,1,1.8
P25SET-PONSUSDT-1987702,2026-09-09 14:55:17,PONSUSDT,0.813,1,BE_EXIT,2026-09-09 15:18:22,1.636,0,0.1
P25SET-SAHARAUSDT-1987704,2026-09-09 15:10:18,SAHARAUSDT,0.009758,1,FLAT_EXIT_75M,2026-09-09 16:45:16,0.113,0,-0.963312
P25SET-NEARUSDT-1987706,2026-09-09 15:40:47,NEARUSDT,2.392,0,TP2,2026-09-09 16:53:18,3.177,1,1.8
P25SET-BTRUSDT-1987707,2026-09-09 15:50:46,BTRUSDT,0.0545,0,STOP,2026-09-09 16:23:47,0.606,0,-2.073394
P25SET-GRASSUSDT-1987710,2026-09-09 16:50:47,GRASSUSDT,0.367,1,BE_EXIT,2026-09-09 18:10:24,2.18,1,1.8
P25SET-MINAUSDT-1987711,2026-09-09 16:55:47,MINAUSDT,0.08932,0,BE_EXIT,2026-09-09 18:12:54,2.888,1,1.8
P25SET-GPSUSDT-1987715,2026-09-09 17:55:23,GPSUSDT,0.012236,1,STOP,2026-09-09 18:05:23,0.384,0,-3.0
P25SET-ETHFIUSDT-1987715,2026-09-09 18:00:23,ETHFIUSDT,0.6395,1,FLAT_EXIT_75M,2026-09-09 19:30:05,0.0,0,-1.501173
P25SET-IOSTUSDT-1987718,2026-09-09 18:35:31,IOSTUSDT,0.0012284,0,TP2,2026-09-09 18:43:01,5.34,1,1.8
P25SET-NEARUSDT-1987722,2026-09-09 19:45:43,NEARUSDT,2.542,0,TP2,2026-09-09 21:15:50,3.423,1,1.8
P25SET-MINAUSDT-1987722,2026-09-09 19:55:45,MINAUSDT,0.09061,1,BE_EXIT,2026-09-09 20:17:47,1.678,0,0.1
P25SET-XTZUSDT-1987725,2026-09-09 20:25:45,XTZUSDT,0.2675,0,BE_EXIT,2026-09-09 20:58:20,1.72,0,0.1
P25SET-PUMPFUNUSDT-1987728,2026-09-09 21:15:21,PUMPFUNUSDT,0.004605,0,BE_EXIT,2026-09-09 22:31:27,2.866,1,1.8
P25SET-KATUSDT-1987729,2026-09-09 21:20:20,KATUSDT,0.005831,1,BE_EXIT,2026-09-09 21:29:50,2.778,1,1.8
P25SET-GPSUSDT-1987734,2026-09-09 22:35:25,GPSUSDT,0.012002,0,TP2,2026-09-09 23:44:00,3.099,1,1.8
P25SET-MINAUSDT-1987734,2026-09-09 22:45:25,MINAUSDT,0.0938,0,STOP,2026-09-09 23:13:29,0.928,0,-1.503198
P25SET-PHAUSDT-1987734,2026-09-09 22:50:25,PHAUSDT,0.029,1,BE_EXIT,2026-09-09 23:22:59,1.621,0,0.1
P25SET-RAYDIUMUSDT-1987738,2026-09-09 23:35:26,RAYDIUMUSDT,1.3933,0,BE_EXIT,2026-09-09 23:50:17,2.211,1,1.8
P25SET-XTZUSDT-1987740,2026-09-10 00:20:49,XTZUSDT,0.2712,1,STOP,2026-09-10 00:30:52,0.0,0,-2.226678
P25SET-SAHARAUSDT-1987743,2026-09-10 00:50:50,SAHARAUSDT,0.010086,0,BE_EXIT,2026-09-10 01:23:22,1.715,0,0.1
P25SET-UAIUSDT-1987743,2026-09-10 00:55:49,UAIUSDT,0.7889,0,BE_EXIT,2026-09-10 01:18:52,2.941,1,1.8
P25SET-EGLDUSDT-1987744,2026-09-10 01:10:50,EGLDUSDT,5.074,0,TP2,2026-09-10 02:14:23,3.094,1,1.8
P25SET-KATUSDT-1987744,2026-09-10 01:20:49,KATUSDT,0.005746,1,STOP,2026-09-10 01:53:53,0.922,0,-1.496693
P25SET-BTRUSDT-1987747,2026-09-10 01:50:49,BTRUSDT,0.05526,1,TP2,2026-09-10 03:15:54,3.004,1,1.8
P25SET-ZENUSDT-1987748,2026-09-10 02:05:50,ZENUSDT,7.745,0,STOP,2026-09-10 04:38:56,1.433,0,-3.0
P25SET-COTIUSDT-1987754,2026-09-10 03:35:50,COTIUSDT,0.020566,0,TP2,2026-09-10 03:38:26,3.409,1,1.8
P25SET-HUSDT-1987754,2026-09-10 03:40:52,HUSDT,0.08215,0,FLAT_EXIT_75M,2026-09-10 04:45:26,0.195,0,-0.34084
P25SET-MINAUSDT-1987762,2026-09-10 05:35:51,MINAUSDT,0.09289,0,STOP,2026-09-10 07:08:58,1.443,0,-3.0
P25SET-SAHARAUSDT-1987764,2026-09-10 06:10:52,SAHARAUSDT,0.010266,0,TP2,2026-09-10 06:31:57,3.419,1,1.8
P25SET-EDGEUSDT-1987775,2026-09-10 08:55:54,EDGEUSDT,0.6111,0,STOP,2026-09-10 10:02:26,0.425,0,-2.735477
P25SET-BIRBUSDT-1987784,2026-09-10 11:05:10,BIRBUSDT,0.06656,0,TP2,2026-09-10 11:08:11,3.726,1,1.8
P25SET-NEARUSDT-1987791,2026-09-10 13:05:39,NEARUSDT,2.54,0,FLAT_EXIT_75M,2026-09-10 14:15:11,0.236,0,-0.826772
P25SET-RAYDIUMUSDT-1987792,2026-09-10 13:15:39,RAYDIUMUSDT,1.3086,1,TP2,2026-09-10 13:23:09,3.026,1,1.8
P25SET-ARXUSDT-1987798,2026-09-10 14:55:41,ARXUSDT,0.1688,0,TP2,2026-09-10 15:01:11,3.14,1,1.8
P25SET-COTIUSDT-1987800,2026-09-10 15:10:41,COTIUSDT,0.018942,1,STOP,2026-09-10 16:25:01,1.146,0,-3.0
P25SET-EGLDUSDT-1987809,2026-09-10 17:25:01,EGLDUSDT,5.41,0,TP2,2026-09-10 18:13:07,4.307,1,1.8
P25SET-B3USDT-1987810,2026-09-10 17:35:03,B3USDT,0.0005037,0,BE_EXIT,2026-09-10 19:29:09,2.76,1,1.8
P25SET-ORDERUSDT-1987812,2026-09-10 18:20:04,ORDERUSDT,0.03752,1,STOP,2026-09-10 18:43:38,0.666,0,-1.998934
P25SET-KASUSDT-1987813,2026-09-10 18:35:04,KASUSDT,0.03908,0,LATE_FAILURE_EXIT,2026-09-10 20:00:09,0.461,0,-1.714432
P25SET-LSKUSDT-1987814,2026-09-10 18:35:05,LSKUSDT,0.11625,0,TP2,2026-09-10 18:51:08,3.449,1,1.8
P25SET-HUSDT-1987820,2026-09-10 20:23:07,HUSDT,0.0817,1,STOP,2026-09-10 22:03:10,1.346,0,-2.72399
P25SET-ORDERUSDT-1987831,2026-09-10 22:50:07,ORDERUSDT,0.0393,0,TP2,2026-09-10 23:01:11,3.486,1,1.8
P25SET-METUSDT-1987832,2026-09-10 23:05:08,METUSDT,0.2161,0,BE_EXIT,2026-09-11 01:08:41,1.758,0,0.1
P25SET-NESAUSDT-1987833,2026-09-10 23:25:10,NESAUSDT,0.1456,1,STOP,2026-09-10 23:30:11,0.0,0,-3.0
P25SET-PHAROSUSDT-1987835,2026-09-11 00:00:11,PHAROSUSDT,0.5046,0,TP2,2026-09-11 02:31:12,3.151,1,1.8
P25SET-RUNEUSDT-1987841,2026-09-11 01:25:12,RUNEUSDT,0.5115,0,TP2,2026-09-11 02:01:12,3.343,1,1.8
P25SET-BTWUSDT-1987844,2026-09-11 02:10:12,BTWUSDT,0.4746,0,TP2,2026-09-11 04:17:13,3.102,1,1.8
P25SET-RAYDIUMUSDT-1987857,2026-09-11 05:30:14,RAYDIUMUSDT,1.4163,0,BE_EXIT,2026-09-11 05:43:14,1.836,1,1.8
P25SET-NESAUSDT-1987865,2026-09-11 07:20:15,NESAUSDT,0.1502,1,STOP,2026-09-11 08:49:18,1.198,0,-3.0
P25SET-FOLKSUSDT-1987873,2026-09-11 09:35:16,FOLKSUSDT,2.257,0,LATE_FAILURE_EXIT,2026-09-11 11:15:21,0.385,0,-2.01595
P25SET-RAYDIUMUSDT-1987875,2026-09-11 09:50:16,RAYDIUMUSDT,1.5426,0,BE_EXIT,2026-09-11 10:16:20,2.152,1,1.8
P25SET-LSKUSDT-1987879,2026-09-11 11:05:17,LSKUSDT,0.12012,0,TP2,2026-09-11 11:21:20,4.945,1,1.8
P25SET-1000RATSUSDT-1987882,2026-09-11 11:40:17,1000RATSUSDT,0.04221,0,STOP,2026-09-11 11:48:21,0.024,0,-3.0
P25SET-RAYDIUMUSDT-1987883,2026-09-11 11:55:17,RAYDIUMUSDT,1.6265,1,STOP,2026-09-11 12:18:21,0.0,0,-3.0
P25SET-BTWUSDT-1987885,2026-09-11 12:25:18,BTWUSDT,0.50892,0,LATE_FAILURE_EXIT,2026-09-11 13:50:22,0.0,0,-2.365794
P25SET-LSKUSDT-1987889,2026-09-11 13:30:18,LSKUSDT,0.12479,0,BE_EXIT,2026-09-11 13:56:22,2.084,1,1.8
P25SET-RUNEUSDT-1987891,2026-09-11 14:00:19,RUNEUSDT,0.5282,0,BE_EXIT,2026-09-11 14:44:22,2.745,1,1.8
P25SET-BIRBUSDT-1987892,2026-09-11 14:15:19,BIRBUSDT,0.06713,1,LATE_FAILURE_EXIT,2026-09-11 16:50:25,0.536,0,-2.726054
P25SET-METUSDT-1987898,2026-09-11 15:40:20,METUSDT,0.2309,0,TP2,2026-09-11 16:01:24,3.075,1,1.8
P25SET-FOLKSUSDT-1987898,2026-09-11 15:45:20,FOLKSUSDT,2.2406,1,STOP,2026-09-11 16:18:55,0.884,0,-2.177988
P25SET-BTWUSDT-1987903,2026-09-11 16:55:23,BTWUSDT,0.51708,0,STOP,2026-09-11 16:56:56,0.0,0,-3.0
P25SET-METUSDT-1987906,2026-09-11 17:45:23,METUSDT,0.2461,0,TP2,2026-09-11 19:30:30,3.048,1,1.8
P25SET-LSKUSDT-1987913,2026-09-11 19:20:25,LSKUSDT,0.13806,1,STOP,2026-09-11 19:33:30,1.086,0,-3.0
P25SET-NEARUSDT-1987924,2026-09-11 22:10:27,NEARUSDT,2.586,0,TP2,2026-09-11 22:53:35,3.016,1,1.8
P25SET-BNCUSDT-1987928,2026-09-11 23:05:02,BNCUSDT,5.118,0,TP2,2026-09-11 23:19:36,3.263,1,1.8
P25SET-RAYDIUMUSDT-1987929,2026-09-11 23:20:02,RAYDIUMUSDT,1.6875,1,STOP,2026-09-11 23:38:39,0.847,0,-2.717037
P25SET-METUSDT-1987938,2026-09-12 01:40:00,METUSDT,0.2749,0,STOP,2026-09-12 02:33:06,1.237,0,-3.0
P25SET-NESAUSDT-1987942,2026-09-12 02:45:02,NESAUSDT,0.1479,1,TP2,2026-09-12 04:42:37,3.786,1,1.8
P25SET-LSKUSDT-1987952,2026-09-12 05:10:04,LSKUSDT,0.12744,0,BE_EXIT,2026-09-12 05:22:38,2.189,1,1.8
P25SET-RAYDIUMUSDT-1987957,2026-09-12 06:25:04,RAYDIUMUSDT,1.6579,0,BE_EXIT,2026-09-12 06:41:39,2.389,1,1.8
P25SET-XCNUSDT-1987957,2026-09-12 06:35:04,XCNUSDT,0.004472,0,BE_EXIT,2026-09-12 06:47:09,2.84,1,1.8
P25SET-LSKUSDT-1987962,2026-09-12 07:40:30,LSKUSDT,0.13646,0,BE_EXIT,2026-09-12 09:00:53,2.132,1,1.8
P25SET-JTOUSDT-1987968,2026-09-12 09:05:07,JTOUSDT,0.4401,0,FLAT_EXIT_75M,2026-09-12 10:30:05,0.159,0,-0.954329
P25SET-MINAUSDT-1987970,2026-09-12 09:35:38,MINAUSDT,0.10801,0,BE_EXIT,2026-09-12 11:14:14,1.657,0,0.1
P25SET-KNCUSDT-1987978,2026-09-12 11:35:13,KNCUSDT,0.13117,0,TP2,2026-09-12 12:39:18,3.019,1,1.8
P25SET-BERAUSDT-1987984,2026-09-12 13:10:14,BERAUSDT,0.1882,0,TP2,2026-09-12 15:49:56,3.082,1,1.8
P25SET-CHZUSDT-1987985,2026-09-12 13:35:59,CHZUSDT,0.01524,0,STOP,2026-09-12 14:03:25,1.05,0,-2.427822
P25SET-4USDT-1987986,2026-09-12 13:40:58,4USDT,0.023122,0,STOP,2026-09-12 13:46:25,0.0,0,-3.0
P25SET-LSKUSDT-1987994,2026-09-12 15:45:00,LSKUSDT,0.19606,0,TP2,2026-09-12 15:51:26,3.234,1,1.8
P25SET-BLASTUSDT-1987994,2026-09-12 15:50:01,BLASTUSDT,0.0003522,0,LATE_FAILURE_EXIT,2026-09-12 17:20:20,0.454,0,-1.561613
P25SET-HUSDT-1987998,2026-09-12 16:45:18,HUSDT,0.08722,0,TP2,2026-09-12 18:12:51,3.084,1,1.8
P25SET-4USDT-1987998,2026-09-12 16:55:16,4USDT,0.022968,0,BE_EXIT,2026-09-12 17:31:50,2.094,1,1.8
P25SET-NIULAIUSDT-1988000,2026-09-12 17:25:17,NIULAIUSDT,0.14512,0,TP2,2026-09-12 17:39:50,3.025,1,1.8
P25SET-ETHFIUSDT-1988011,2026-09-12 19:50:27,ETHFIUSDT,0.7424,0,TP2,2026-09-12 20:50:58,3.367,1,1.8
P25SET-MINAUSDT-1988013,2026-09-12 20:20:27,MINAUSDT,0.10962,0,BE_EXIT,2026-09-12 21:43:59,1.843,1,1.8
P25SET-LRCUSDT-1988012,2026-09-12 20:20:28,LRCUSDT,0.00944,0,STOP,2026-09-12 20:58:59,0.106,0,-1.324153
P25SET-HAJIMIUSDT-1988018,2026-09-12 21:40:55,HAJIMIUSDT,0.04188,0,TP2,2026-09-12 22:02:29,3.032,1,1.8
P25SET-TAUSDT-1988024,2026-09-12 23:10:55,TAUSDT,0.06176,1,STOP,2026-09-13 00:35:06,1.15,0,-3.0
P25SET-MINAUSDT-1988026,2026-09-12 23:50:56,MINAUSDT,0.11311,0,LATE_FAILURE_EXIT,2026-09-13 02:20:09,0.849,0,-1.653258
P25SET-PUNDIXUSDT-1988027,2026-09-12 23:55:56,PUNDIXUSDT,0.10396,0,TP2,2026-09-13 00:27:35,3.107,1,1.8
P25SET-UNIUSDT-1988030,2026-09-13 00:35:57,UNIUSDT,6.526,0,STOP,2026-09-13 01:48:36,0.291,0,-1.578302
P25SET-FLOCKUSDT-1988031,2026-09-13 00:55:56,FLOCKUSDT,0.07315,0,BE_EXIT,2026-09-13 01:10:06,1.668,0,0.1
P25SET-WLFIUSDT-1988034,2026-09-13 01:40:56,WLFIUSDT,0.05934,0,STOP,2026-09-13 02:18:39,0.506,0,-2.350859
P25SET-GRIFFAINUSDT-1988041,2026-09-13 03:25:58,GRIFFAINUSDT,0.015873,0,TP2,2026-09-13 03:42:10,3.238,1,1.8
P25SET-ALCHUSDT-1988046,2026-09-13 04:50:59,ALCHUSDT,0.04042,0,TP2,2026-09-13 05:04:11,3.513,1,1.8
P25SET-NIULAIUSDT-1988056,2026-09-13 07:20:01,NIULAIUSDT,0.13531,1,FLAT_EXIT_75M,2026-09-13 08:45:13,0.236,0,-1.108566
P25SET-HAJIMIUSDT-1988060,2026-09-13 08:05:02,HAJIMIUSDT,0.04192,0,BE_EXIT,2026-09-13 08:57:13,2.147,1,1.8
P25SET-MTLUSDT-1988060,2026-09-13 08:15:02,MTLUSDT,0.302,1,TP2,2026-09-13 08:30:13,4.437,1,1.8
P25SET-PUNDIXUSDT-1988062,2026-09-13 08:35:03,PUNDIXUSDT,0.10632,1,STOP,2026-09-13 09:13:14,0.828,0,-2.600451
P25SET-ALCHUSDT-1988068,2026-09-13 10:05:05,ALCHUSDT,0.04656,0,BE_EXIT,2026-09-13 10:09:15,2.083,1,1.8
P25SET-BLASTUSDT-1988069,2026-09-13 10:25:05,BLASTUSDT,0.0003887,1,STOP,2026-09-13 10:53:15,1.441,0,-3.0
P25SET-ARKUSDT-1988069,2026-09-13 10:35:05,ARKUSDT,0.13461,0,TP2,2026-09-13 10:43:15,3.566,1,1.8
P25SET-NIULAIUSDT-1988070,2026-09-13 10:45:06,NIULAIUSDT,0.13926,0,TP2,2026-09-13 10:55:15,4.086,1,1.8
P25SET-METUSDT-1988077,2026-09-13 12:25:07,METUSDT,0.2407,1,BE_EXIT,2026-09-13 13:00:17,2.285,1,1.8
P25SET-ZRXUSDT-1988077,2026-09-13 12:30:06,ZRXUSDT,0.11932,1,STOP,2026-09-13 13:08:47,0.0,0,-1.592357
P25SET-TREEUSDT-1988080,2026-09-13 13:05:08,TREEUSDT,0.04436,0,TP2,2026-09-13 13:38:17,3.043,1,1.8
P25SET-BSBUSDT-1988080,2026-09-13 13:15:08,BSBUSDT,0.10206,0,BE_EXIT,2026-09-13 14:12:17,2.734,1,1.8
P25SET-BLASTUSDT-1988087,2026-09-13 14:55:09,BLASTUSDT,0.0003996,0,TP2,2026-09-13 15:20:02,3.253,1,1.8
P25SET-METUSDT-1988087,2026-09-13 15:00:09,METUSDT,0.2534,0,STOP,2026-09-13 15:26:31,0.552,0,-1.332478
P25SET-FLOCKUSDT-1988092,2026-09-13 16:05:09,FLOCKUSDT,0.08032,1,STOP,2026-09-13 16:53:36,0.623,0,-2.241036
P25SET-TREEUSDT-1988092,2026-09-13 16:15:10,TREEUSDT,0.04676,0,STOP,2026-09-13 16:37:05,0.192,0,-2.751069
P25SET-ZORAUSDT-1988094,2026-09-13 16:40:11,ZORAUSDT,0.008875,0,STOP,2026-09-13 17:18:37,0.0,0,-1.769014
P25SET-NIULAIUSDT-1988094,2026-09-13 16:44:12,NIULAIUSDT,0.14525,0,STOP,2026-09-13 17:11:07,0.0,0,-2.756454
P25SET-REZUSDT-1988102,2026-09-13 18:40:11,REZUSDT,0.003855,1,TP2,2026-09-13 19:01:07,3.528,1,1.8
P25SET-BTWUSDT-1988102,2026-09-13 18:40:12,BTWUSDT,0.56717,0,TP2,2026-09-13 18:47:07,3.01,1,1.8
P25SET-THETAUSDT-1988104,2026-09-13 19:15:12,THETAUSDT,0.2083,1,BE_EXIT,2026-09-13 20:59:09,2.496,1,1.8
P25SET-B3USDT-1988105,2026-09-13 19:24:12,B3USDT,0.0006487,0,TP2,2026-09-13 19:45:08,3.099,1,1.8
P25SET-ARKUSDT-1988106,2026-09-13 19:50:12,ARKUSDT,0.17717,1,TP2,2026-09-13 20:25:38,3.279,1,1.8
P25SET-BLASTUSDT-1988111,2026-09-13 20:50:12,BLASTUSDT,0.0004166,1,STOP,2026-09-13 20:56:39,0.528,0,-3.0
P25SET-BLURUSDT-1988112,2026-09-13 21:10:14,BLURUSDT,0.018138,0,BE_EXIT,2026-09-13 21:47:39,2.062,1,1.8
P25SET-POLYXUSDT-1988113,2026-09-13 21:30:37,POLYXUSDT,0.044,1,TP2,2026-09-13 21:44:08,3.205,1,1.8
P25SET-XTZUSDT-1988114,2026-09-13 21:40:38,XTZUSDT,0.2767,0,BE_EXIT,2026-09-13 23:17:40,2.855,1,1.8
P25SET-GLMUSDT-1988118,2026-09-13 22:35:38,GLMUSDT,0.12852,0,BE_EXIT,2026-09-13 22:48:09,1.517,0,0.1
P25SET-GMTUSDT-1988119,2026-09-13 23:00:39,GMTUSDT,0.008041,0,STOP,2026-09-13 23:32:09,0.871,0,-2.594391
P25SET-PUFFERUSDT-1988120,2026-09-13 23:20:39,PUFFERUSDT,0.02137,0,BE_EXIT,2026-09-14 00:05:10,2.246,1,1.8
P25SET-BTWUSDT-1988121,2026-09-13 23:25:38,BTWUSDT,0.69692,0,TP2,2026-09-14 00:04:10,3.012,1,1.8
P25SET-HUSDT-1988124,2026-09-14 00:20:40,HUSDT,0.08935,0,STOP,2026-09-14 01:15:15,0.694,0,-3.0
P25SET-XTZUSDT-1988129,2026-09-14 01:30:39,XTZUSDT,0.2878,0,BE_EXIT,2026-09-14 02:07:15,1.529,0,0.1
P25SET-BTWUSDT-1988132,2026-09-14 02:05:39,BTWUSDT,0.69923,1,STOP,2026-09-14 02:14:45,0.0,0,-3.0
P25SET-ZILUSDT-1988135,2026-09-14 03:00:41,ZILUSDT,0.003075,0,TP2,2026-09-14 03:31:16,3.35,1,1.8
P25SET-BRUSDT-1988143,2026-09-14 05:05:42,BRUSDT,0.31512,0,STOP,2026-09-14 05:52:18,1.035,0,-0.036319
P25SET-ALGOUSDT-1988146,2026-09-14 05:40:43,ALGOUSDT,0.09833,0,BE_EXIT,2026-09-14 06:34:18,2.4,1,1.8
P25SET-BTWUSDT-1988151,2026-09-14 06:50:43,BTWUSDT,0.72525,0,BE_EXIT,2026-09-14 09:35:21,2.283,1,1.8
P25SET-B3USDT-1988156,2026-09-14 08:10:43,B3USDT,0.000679,1,BE_EXIT,2026-09-14 08:19:50,1.649,0,0.1
P25SET-WAXPUSDT-1988163,2026-09-14 09:55:45,WAXPUSDT,0.005256,1,STOP,2026-09-14 12:08:23,0.59,0,-3.0
P25SET-API3USDT-1988164,2026-09-14 10:10:45,API3USDT,0.2578,0,STOP,2026-09-14 10:33:22,0.349,0,-3.0
P25SET-CHZUSDT-1988168,2026-09-14 11:15:47,CHZUSDT,0.0151,0,STOP,2026-09-14 11:43:52,0.132,0,-1.059603
P25SET-GLMUSDT-1988169,2026-09-14 11:25:46,GLMUSDT,0.12394,1,BE_EXIT,2026-09-14 12:13:23,2.872,1,1.8
P25SET-IOTXUSDT-1988170,2026-09-14 11:45:46,IOTXUSDT,0.00343,0,TP2,2026-09-14 12:17:23,3.382,1,1.8
P25SET-BRUSDT-1988171,2026-09-14 11:50:46,BRUSDT,0.33113,0,TP2,2026-09-14 12:21:53,3.068,1,1.8
P25SET-EDGEUSDT-1988175,2026-09-14 13:00:47,EDGEUSDT,0.636,0,TP2,2026-09-14 13:46:55,3.035,1,1.8
P25SET-BRUSDT-1988187,2026-09-14 15:55:49,BRUSDT,0.39606,0,TP2,2026-09-14 16:20:27,3.489,1,1.8
P25SET-BUSDT-1988191,2026-09-14 17:05:51,BUSDT,0.22513,0,TP2,2026-09-14 17:26:38,3.012,1,1.8
P25SET-SOXSUSDT-1988191,2026-09-14 17:05:51,SOXSUSDT,49.53,0,TIME_EXIT,2026-09-14 20:06:11,2.423,1,1.8
P25SET-BRUSDT-1988195,2026-09-14 17:55:35,BRUSDT,0.41804,0,TP2,2026-09-14 18:35:40,4.409,1,1.8
P25SET-POLYXUSDT-1988196,2026-09-14 18:10:36,POLYXUSDT,0.04363,1,STOP,2026-09-14 18:23:09,0.069,0,-2.704561
P25SET-PENDLEUSDT-1988200,2026-09-14 19:05:36,PENDLEUSDT,2.29,0,BE_EXIT,2026-09-14 21:58:42,2.009,1,1.8
P25SET-CAPUSDT-1988201,2026-09-14 19:20:36,CAPUSDT,0.05163,0,TP2,2026-09-14 19:34:10,3.661,1,1.8
P25SET-IOTAUSDT-1988203,2026-09-14 19:55:37,IOTAUSDT,0.04366,0,TP2,2026-09-14 20:16:41,3.023,1,1.8
P25SET-LAUSDT-1988203,2026-09-14 19:55:37,LAUSDT,0.06985,0,TP2,2026-09-14 20:23:11,3.049,1,1.8
P25SET-XLMUSDT-1988205,2026-09-14 20:25:37,XLMUSDT,0.1919,0,TIME_EXIT,2026-09-14 23:25:44,0.834,0,-1.250651
P25SET-UBUSDT-1988207,2026-09-14 20:55:37,UBUSDT,0.13739,0,BE_EXIT,2026-09-14 21:21:12,1.783,0,0.1
P25SET-LAUSDT-1988212,2026-09-14 22:15:38,LAUSDT,0.07331,1,STOP,2026-09-14 22:48:44,0.737,0,-2.33256
P25SET-BUSDT-1988214,2026-09-14 22:45:39,BUSDT,0.22987,1,TIME_EXIT,2026-09-15 01:45:48,1.945,1,1.8
P25SET-REDUSDT-1988215,2026-09-14 22:55:39,REDUSDT,0.14549,0,STOP,2026-09-14 23:14:14,0.0,0,-3.0
P25SET-BTWUSDT-1988221,2026-09-15 00:30:40,BTWUSDT,0.71575,1,STOP,2026-09-15 02:03:18,1.288,0,-1.832735
P25SET-AKEUSDT-1988224,2026-09-15 01:10:41,AKEUSDT,0.015894,0,BE_EXIT,2026-09-15 02:40:18,2.586,1,1.8
P25SET-BSPUSDT-1988224,2026-09-15 01:10:41,BSPUSDT,41.88,0,LATE_FAILURE_EXIT,2026-09-15 03:05:19,0.478,0,-1.957975
P25SET-SENTUSDT-1988231,2026-09-15 02:55:41,SENTUSDT,0.016588,1,TP2,2026-09-15 03:34:49,4.582,1,1.8
P25SET-PUNDIXUSDT-1988232,2026-09-15 03:20:42,PUNDIXUSDT,0.11494,0,TIME_EXIT,2026-09-15 06:20:52,1.288,0,-1.165826
P25SET-JTOUSDT-1988233,2026-09-15 03:25:43,JTOUSDT,0.4655,1,LATE_FAILURE_EXIT,2026-09-15 04:55:21,0.516,0,-2.212675
P25SET-ZECUSDT-1988234,2026-09-15 03:35:43,ZECUSDT,1187.54,0,BE_EXIT,2026-09-15 06:02:52,2.935,1,1.8
P25SET-POWERUSDT-1988238,2026-09-15 04:45:43,POWERUSDT,0.13554,0,BE_EXIT,2026-09-15 04:54:21,1.535,0,0.1
P25SET-CRCLUSDT-1988239,2026-09-15 04:55:44,CRCLUSDT,97.7,0,FLAT_EXIT_75M,2026-09-15 06:15:22,0.368,0,-1.310133
P25SET-LITUSDT-1988240,2026-09-15 05:05:44,LITUSDT,4.554,0,BE_EXIT,2026-09-15 05:49:22,1.581,0,0.1
P25SET-CAPUSDT-1988246,2026-09-15 06:40:44,CAPUSDT,0.0608,1,BE_EXIT,2026-09-15 07:00:22,2.187,1,1.8
P25SET-CAPUSDT-1988259,2026-09-15 09:55:46,CAPUSDT,0.06416,0,TP2,2026-09-15 10:01:24,3.382,1,1.8
P25SET-REDUSDT-1988262,2026-09-15 10:35:47,REDUSDT,0.14501,0,TP2,2026-09-15 11:25:25,3.048,1,1.8
P25SET-TUSDT-1988266,2026-09-15 11:35:47,TUSDT,0.005324,1,STOP,2026-09-15 11:44:56,0.639,0,-3.0
P25SET-LAUSDT-1988266,2026-09-15 11:35:48,LAUSDT,0.0736,1,STOP,2026-09-15 12:21:26,0.394,0,-2.831522
P25SET-ZILUSDT-1988269,2026-09-15 12:30:48,ZILUSDT,0.003127,0,TP2,2026-09-15 12:38:14,3.518,1,1.8
P25SET-TREEUSDT-1988271,2026-09-15 13:05:08,TREEUSDT,0.0464,1,BE_EXIT,2026-09-15 13:36:14,2.177,1,1.8
P25SET-AKEUSDT-1988275,2026-09-15 13:55:08,AKEUSDT,0.016964,0,TP2,2026-09-15 15:07:16,4.38,1,1.8
P25SET-PUFFERUSDT-1988283,2026-09-15 16:05:10,PUFFERUSDT,0.0264,0,STOP,2026-09-15 16:07:48,0.0,0,-3.0
P25SET-PONSUSDT-1988300,2026-09-15 20:10:06,PONSUSDT,0.6378,1,TP2,2026-09-15 21:09:13,3.01,1,1.8
P25SET-POWRUSDT-1988302,2026-09-15 20:35:06,POWRUSDT,0.06392,0,BE_EXIT,2026-09-15 20:43:42,1.533,0,0.1
P25SET-ARCUSDT-1988303,2026-09-15 20:55:06,ARCUSDT,0.08024,0,TP2,2026-09-15 21:07:12,3.091,1,1.8
P25SET-SAGAUSDT-1988306,2026-09-15 21:40:06,SAGAUSDT,0.02126,0,BE_EXIT,2026-09-15 21:55:44,1.646,0,0.1
P25SET-PONSUSDT-1988319,2026-09-16 01:05:07,PONSUSDT,0.6542,0,STOP,2026-09-16 01:18:44,0.0,0,-1.681443
P25SET-POWERUSDT-1988323,2026-09-16 01:50:07,POWERUSDT,0.18398,1,BE_EXIT,2026-09-16 02:17:15,1.81,1,1.8
P25SET-ARBUSDT-1988325,2026-09-16 02:35:08,ARBUSDT,0.15111,1,STOP,2026-09-16 03:16:15,0.695,0,-2.750744
P25SET-POWERUSDT-1988331,2026-09-16 03:55:08,POWERUSDT,0.18901,0,BE_EXIT,2026-09-16 03:59:16,1.809,1,1.8
P25SET-ARBUSDT-1988346,2026-09-16 07:35:11,ARBUSDT,0.15068,0,BE_EXIT,2026-09-16 09:09:50,1.732,0,0.1
P25SET-SAGAUSDT-1988348,2026-09-16 08:20:11,SAGAUSDT,0.024694,0,STOP,2026-09-16 08:36:19,1.442,0,-3.0
P25SET-PUFFERUSDT-1988355,2026-09-16 10:05:13,PUFFERUSDT,0.02613,0,TP2,2026-09-16 10:13:51,3.483,1,1.8
P25SET-HEMIUSDT-1988369,2026-09-16 13:30:17,HEMIUSDT,0.006866,1,STOP,2026-09-16 13:58:53,0.83,0,-1.572968
P25SET-TUTUSDT-1988372,2026-09-16 14:10:18,TUTUSDT,0.020504,0,STOP,2026-09-16 14:43:24,0.463,0,-2.172747
P25SET-USELESSUSDT-1988379,2026-09-16 15:50:18,USELESSUSDT,0.23198,0,TP2,2026-09-16 16:02:25,3.237,1,1.8
P25SET-CROSSUSDT-1988382,2026-09-16 16:45:19,CROSSUSDT,0.13696,1,TP2,2026-09-16 17:25:26,3.052,1,1.8
P25SET-BTRUSDT-1988385,2026-09-16 17:20:20,BTRUSDT,0.05496,0,TP2,2026-09-16 17:41:58,3.512,1,1.8
P25SET-USELESSUSDT-1988387,2026-09-16 18:00:20,USELESSUSDT,0.24833,1,STOP,2026-09-16 18:45:59,0.221,0,-3.0
P25SET-PUNDIXUSDT-1988388,2026-09-16 18:10:21,PUNDIXUSDT,0.1248,0,STOP,2026-09-16 18:18:58,0.0,0,-2.42494
P25SET-4USDT-1988388,2026-09-16 18:15:21,4USDT,0.02205,1,STOP,2026-09-16 18:48:29,0.336,0,-0.954819
P25SET-CROSSUSDT-1988393,2026-09-16 19:25:21,CROSSUSDT,0.13881,1,BE_EXIT,2026-09-16 20:14:31,1.729,0,0.1
P25SET-ARBUSDT-1988394,2026-09-16 19:45:22,ARBUSDT,0.16043,0,TP2,2026-09-16 21:03:32,3.004,1,1.8
P25SET-ZILUSDT-1988396,2026-09-16 20:10:22,ZILUSDT,0.003127,0,STOP,2026-09-16 21:31:32,0.416,0,-3.0
P25SET-ZECUSDT-1988407,2026-09-16 22:50:24,ZECUSDT,1263.5,0,TIME_EXIT,2026-09-17 01:50:44,0.7519,0,0.165414
P25SET-4USDT-1988407,2026-09-16 22:55:24,4USDT,0.023699,0,BE_EXIT,2026-09-17 00:28:12,2.8735,1,1.8
P25SET-SKYAI1USDT-1988416,2026-09-17 01:05:26,SKYAI1USDT,0.061,0,STOP,2026-09-17 04:05:21,1.1803,0,-3.0
P25SET-POWRUSDT-1988416,2026-09-17 01:10:27,POWRUSDT,0.0641,0,LATE_FAILURE_EXIT,2026-09-17 02:40:16,0.7956,0,-2.215289
P25SET-NEARUSDT-1988432,2026-09-17 05:05:48,NEARUSDT,2.577,1,TIME_EXIT,2026-09-17 08:05:56,1.0865,0,-0.038805
P25SET-ARBUSDT-1988434,2026-09-17 05:35:48,ARBUSDT,0.16256,0,BE_EXIT,2026-09-17 07:01:25,2.2146,1,1.8
P25SET-HEIUSDT-1988434,2026-09-17 05:40:48,HEIUSDT,0.14555,0,BE_EXIT,2026-09-17 05:49:24,1.7657,0,0.1
P25SET-LITUSDT-1988437,2026-09-17 06:30:49,LITUSDT,4.555,1,STOP,2026-09-17 07:13:55,0.2415,0,-0.801317
P25SET-NBISUSDT-1988438,2026-09-17 06:40:50,NBISUSDT,219.44,0,TIME_EXIT,2026-09-17 09:40:59,2.2466,1,1.8
P25SET-DASHUSDT-1988440,2026-09-17 07:15:49,DASHUSDT,56.12,1,STOP,2026-09-17 07:33:56,0.1069,0,-1.425517
P25SET-ARBUSDT-1988446,2026-09-17 08:35:51,ARBUSDT,0.16765,0,STOP,2026-09-17 10:18:15,1.0856,0,-2.603639
P25SET-ZECUSDT-1988446,2026-09-17 08:45:50,ZECUSDT,1343.44,0,TIME_EXIT,2026-09-17 11:46:17,2.6201,1,1.8
P25SET-ZENUSDT-1988452,2026-09-17 10:15:41,ZENUSDT,6.869,0,BE_EXIT,2026-09-17 11:08:45,1.8489,1,1.8
P25SET-IOSTUSDT-1988453,2026-09-17 10:25:40,IOSTUSDT,0.0008472,0,TP2,2026-09-17 10:47:45,3.0925,1,1.8
P25SET-USELESSUSDT-1988454,2026-09-17 10:40:41,USELESSUSDT,0.23758,1,STOP,2026-09-17 11:23:46,0.1642,0,-1.481606
P25SET-PUMPFUNUSDT-1988455,2026-09-17 10:55:42,PUMPFUNUSDT,0.003755,0,TIME_EXIT,2026-09-17 13:55:50,2.6897,1,1.8
P25SET-GRIFFAINUSDT-1988456,2026-09-17 11:10:41,GRIFFAINUSDT,0.014059,0,BE_EXIT,2026-09-17 12:09:47,2.2334,1,1.8
P25SET-DASHUSDT-1988461,2026-09-17 12:25:41,DASHUSDT,59.31,0,BE_EXIT,2026-09-17 13:03:19,1.8547,1,1.8
P25SET-NEARUSDT-1988462,2026-09-17 12:35:42,NEARUSDT,2.701,0,LATE_FAILURE_EXIT,2026-09-17 14:20:21,0.4813,0,-1.77712
P25SET-UNITREEUSDT-1988462,2026-09-17 12:45:43,UNITREEUSDT,74.87,0,TIME_EXIT,2026-09-17 15:45:52,0.6278,0,-0.654468
P25SET-EDGEUSDT-1988468,2026-09-17 14:10:44,EDGEUSDT,0.6362,0,TP2,2026-09-17 16:28:25,3.0022,1,1.8
P25SET-KITEUSDT-1988469,2026-09-17 14:20:44,KITEUSDT,0.10945,0,FLAT_EXIT_75M,2026-09-17 16:45:26,0.1188,0,-1.014162
P25SET-XPLUSDT-1988472,2026-09-17 15:20:45,XPLUSDT,0.08526,0,TIME_EXIT,2026-09-17 18:20:58,1.4896,0,0.574713
P25SET-PEAQUSDT-1988475,2026-09-17 16:05:44,PEAQUSDT,0.026573,0,TP2,2026-09-17 16:25:26,3.0971,1,1.8
P25SET-COTIUSDT-1988479,2026-09-17 17:00:45,COTIUSDT,0.018436,0,TP2,2026-09-17 17:50:57,3.0267,1,1.8
P25SET-RAYDIUMUSDT-1988480,2026-09-17 17:20:45,RAYDIUMUSDT,1.4948,0,STOP,2026-09-17 17:58:57,0.4148,0,-1.709259
P25SET-LITUSDT-1988482,2026-09-17 17:40:45,LITUSDT,4.97,0,TIME_EXIT,2026-09-17 20:41:06,1.3078,0,-2.354125
P25SET-MINAUSDT-1988484,2026-09-17 18:10:46,MINAUSDT,0.09354,0,BE_EXIT,2026-09-17 18:43:28,1.6677,0,0.1
P25SET-GRIFFAINUSDT-1988484,2026-09-17 18:15:47,GRIFFAINUSDT,0.014111,1,STOP,2026-09-17 18:33:58,0.085,0,-3.0
P25SET-NEARUSDT-1988485,2026-09-17 18:30:46,NEARUSDT,2.827,1,STOP,2026-09-17 19:13:29,0.8843,0,-1.680226
P25SET-CAKEUSDT-1988486,2026-09-17 18:45:47,CAKEUSDT,2.399,0,TIME_EXIT,2026-09-17 21:46:09,1.3339,0,0.250104
P25SET-SKRUSDT-1988487,2026-09-17 19:05:46,SKRUSDT,0.020054,1,STOP,2026-09-17 20:42:06,1.1918,0,-3.0
P25SET-COTIUSDT-1988491,2026-09-17 20:05:47,COTIUSDT,0.018864,0,TP2,2026-09-17 20:22:03,3.117,1,1.8
P25SET-PUMPFUNUSDT-1988498,2026-09-17 21:40:50,PUMPFUNUSDT,0.003959,0,BE_EXIT,2026-09-17 23:44:11,2.7785,1,1.8
P25SET-EDENUSDT-1988500,2026-09-17 22:10:49,EDENUSDT,0.05305,0,TP2,2026-09-17 23:09:40,3.4119,1,1.8
P25SET-PEAQUSDT-1988500,2026-09-17 22:15:49,PEAQUSDT,0.028176,0,STOP,2026-09-17 22:43:39,1.267,0,-0.814523
P25SET-AEROUSDT-1988502,2026-09-17 22:50:50,AEROUSDT,0.5848,0,TP2,2026-09-17 23:27:40,3.0951,1,1.8
P25SET-UNIUSDT-1988503,2026-09-17 22:50:51,UNIUSDT,7.105,1,TP2,2026-09-17 23:24:40,3.2372,1,1.8
P25SET-ONDOUSDT-1988504,2026-09-17 23:15:50,ONDOUSDT,0.3723,0,BE_EXIT,2026-09-17 23:53:11,1.719,0,0.1
P25SET-COTIUSDT-1988505,2026-09-17 23:25:50,COTIUSDT,0.02028,0,STOP,2026-09-18 01:35:49,0.7249,0,-3.0
P25SET-ZECUSDT-1988506,2026-09-17 23:50:50,ZECUSDT,1433.96,0,TP2,2026-09-18 00:55:48,3.3209,1,1.8
